epoch,training_loss,training_acc,val_loss,val_acc
0,1.6161216863781025,0.61785096,3.8215034008026123,0.122395836
1,1.7090716073467473,0.57202095,5.076786381857736,0.1298363
2,1.5192997594168232,0.6032212,4.7121694428580145,0.17522322
3,1.3330099962319537,0.65581876,8.488303184509277,0.12760417
4,1.5525916712299275,0.5798832,9.331427301679339,0.17819941
5,1.3420062008177398,0.64211786,5.414112772260394,0.15513393
6,1.1920307187517738,0.6838508,8.95451409476144,0.106770836
7,1.2478622004484674,0.6736001,15.681879452296666,0.16815476
8,1.185468860302761,0.68618965,7.088426998683384,0.21502976
9,1.042463608797948,0.73379445,6.508214337485177,0.1688988
10,0.9789992062149534,0.74081075,5.191266604832241,0.25669643
11,0.8812102466631847,0.7739185,5.409857000623431,0.3143601
12,0.8367144450260575,0.7853802,4.928010123116629,0.3296131
13,0.7599029508745594,0.8017516,4.723985058920724,0.30989584
14,0.6952602375464835,0.81828886,5.313365663800921,0.3377976
15,0.6594140000024419,0.82807523,5.331075872693743,0.32738096
16,0.6394042703945926,0.8371815,4.952914306095669,0.31287202
17,0.6157695341641736,0.844513,3.6084558963775635,0.3794643
18,0.5951837495823574,0.84724987,4.377321856362479,0.33035713
19,0.5876261878545117,0.8500531,3.4923451968601773,0.30691963
20,0.5300928849703187,0.8645004,3.943624802998134,0.30580357
21,0.5139029421813929,0.86864716,3.192594460078648,0.3418899
22,0.4724675764798359,0.87498343,3.3606371198381697,0.38206846
23,0.4318823242310885,0.8850186,3.532272849764143,0.3653274
24,0.41270927325555473,0.8923832,2.942056247166225,0.3359375
25,0.3921771029093463,0.8985536,2.216558115822928,0.40848213
26,0.3354261808904113,0.9167496,1.9611321006502425,0.39806548
27,0.3174637672343072,0.9172804,1.8903372628348214,0.5
28,0.2751758850066905,0.92923963,1.8684500455856323,0.54501486
29,0.2530574352498267,0.93683654,1.3846695252827235,0.53571427
30,0.2508751093795535,0.9354432,1.3544701508113317,0.5208333
31,0.2448774354567953,0.9320926,2.3888547079903737,0.6123512
32,0.22090115652057776,0.9403862,1.664578914642334,0.6030506
33,0.19033576960966087,0.95062035,1.2651408570153373,0.62313986
34,0.1863977774372621,0.9491275,1.2134670189448766,0.6692708
35,0.17684329362811557,0.9500564,1.3372655596051897,0.6376488
36,0.16358449814876744,0.95307523,1.2937461478369576,0.6744792
37,0.15768435176248383,0.955414,1.0076555269105094,0.7176339
38,0.14398087813240137,0.95911294,1.7046525478363037,0.66183037
39,0.12444029273732216,0.9651672,1.0045095596994673,0.7150298
40,0.10207173716170108,0.97072387,0.6952960065432957,0.79501486
41,0.08994070574445472,0.97405785,0.7930771878787449,0.79910713
42,0.08138534430248343,0.97574973,0.6786966494151524,0.83668154
43,0.07282052160341554,0.9773089,0.8507252931594849,0.7797619
44,0.07105462218206197,0.9778563,0.6614643675940377,0.8329613
45,0.06479814151379096,0.98084193,0.40262957555907114,0.89099705
46,0.06493708391297182,0.9802117,0.46757463472230093,0.85491073
47,0.06240833679156283,0.98095804,0.5114974592413221,0.87276787
48,0.05952049531231658,0.981804,0.7741701432636806,0.83147323
49,0.05584188237872307,0.98278266,0.4433645691190447,0.8630952
50,0.05361084983933266,0.9826499,0.4198704404490335,0.87574404
51,0.05015514090740282,0.98483944,0.5372758422579084,0.8389137
52,0.04608895342758483,0.9861664,0.4055858041558947,0.8869048
53,0.04439358544872576,0.98634887,0.5218364638941628,0.8125
54,0.04513991534247235,0.9862493,0.48399602089609417,0.85119045
55,0.04655486756081509,0.98598397,0.39870141233716694,0.8723958
56,0.04166110947499775,0.9874436,0.520765517439161,0.83147323
57,0.04737620170737593,0.9858181,0.5565186653818402,0.81845236
58,0.04380409488495985,0.98696256,0.40422856381961275,0.87425596
59,0.04231002311864393,0.9870621,0.45448172092437744,0.84040177
60,0.03964632504028683,0.98843884,0.5206607750483921,0.85230654
61,0.03733962675898372,0.98888665,0.39657714537211824,0.9036458
62,0.03559241678380737,0.98872083,0.4354932521070753,0.82998514
63,0.03425983904310721,0.98943406,0.3425665242331369,0.89620537
64,0.037425988070536285,0.9884222,0.30757259896823336,0.8813244
65,0.03209334126136794,0.99028,0.5987977428095681,0.8113839
66,0.034036017651632604,0.98959994,0.43585727896009174,0.8504464
67,0.03324036918221646,0.9893843,0.3885634115764073,0.8761161
68,0.03200597544899581,0.99024683,0.43493449687957764,0.8251488
69,0.03611190924046496,0.9883725,0.511301189661026,0.86123514
70,0.03270463817634258,0.99047905,0.4023167278085436,0.88318455
71,0.033205321317970174,0.98983216,0.5795198253222874,0.86644346
72,0.02964436225923984,0.99072784,0.4965921086924417,0.8556548
73,0.03118717985846485,0.9904293,0.7338720389774868,0.76339287
74,0.03395221315032897,0.9891189,0.287040325147765,0.90625
75,0.028943413210466243,0.9913084,0.4212095056261335,0.86272323
76,0.02625062421578202,0.99217093,0.476431314434324,0.8474702
77,0.025854938581977394,0.99223727,0.2913988466773714,0.9401042
78,0.0226922865883706,0.9931164,0.3625342845916748,0.87537205
79,0.021879921993259253,0.9932159,0.4247528144291469,0.8712798
80,0.023599559361683085,0.99301684,0.39131721002714975,0.87574404
81,0.025114672445075936,0.99223727,0.765368640422821,0.8151042
82,0.02365443326682438,0.99324906,0.49571833865983145,0.8474702
83,0.027153068321002914,0.9916733,0.3849857449531555,0.8828125
84,0.02272247758715404,0.9927515,0.5500870219298771,0.83035713
85,0.027546977915845226,0.9915904,0.3819270815168108,0.85342264
86,0.025894862433019018,0.99173963,0.7198398453848702,0.85714287
87,0.02443503293136111,0.9923865,0.6940020322799683,0.7641369
88,0.02410801639999376,0.99236995,0.4512517750263214,0.83258927
89,0.023623728423485396,0.99268514,0.34851542115211487,0.87723213
90,0.020705698498876567,0.99376327,0.3659256781850542,0.8630952
91,0.01842400442208623,0.99421114,0.48793785912649973,0.8374256
92,0.015727022222493878,0.99477506,0.34277615376881193,0.8891369
93,0.017577925790675953,0.99421114,0.3713309977735792,0.9025298
94,0.017395222232060487,0.99441016,0.3806233661515372,0.88727677
95,0.017645296606585193,0.99432725,0.40148578797067913,0.86904764
96,0.017565726442406195,0.99441016,0.40832932932036264,0.84970236
97,0.019230922362448315,0.99392915,0.6114943793841771,0.8489583
98,0.020083431581558106,0.99416137,0.3039116050515856,0.89285713
99,0.01817473674858844,0.99455947,0.3407016949994223,0.8813244
100,0.02528615329792029,0.99353105,1.043028976236071,0.71168154
101,0.07086713536798948,0.9805268,1.7346937656402588,0.7094494
102,0.045573095441425134,0.9868299,0.4591432682105473,0.8895089
103,0.033814348833240415,0.98979896,0.46611022523471285,0.8723958
104,0.030059089750599465,0.9901307,0.48650180867740084,0.82068455
105,0.020351052577184912,0.99324906,0.4964544687952314,0.8191964
106,0.019015485589977527,0.99416137,0.3784398947443281,0.9155506
107,0.01621091530705019,0.9952229,0.3837839194706508,0.86272323
108,0.014950529123449944,0.9952727,0.6090163333075387,0.8087798
109,0.013915594496674706,0.9961186,0.549477641071592,0.8046875
110,0.012035149547248629,0.9961684,0.5137388493333545,0.8344494
111,0.013069288306237438,0.9955049,0.4066587005342756,0.8857887
112,0.012619712283791669,0.99621814,0.4300923688071115,0.83407736
113,0.014132585025215996,0.99537224,0.3515916296413967,0.8578869
114,0.013865935460943876,0.9954717,0.44399593131882803,0.85119045
115,0.024426951262099626,0.99285096,0.6224188804626465,0.79464287
116,0.02302048755045921,0.9935974,0.5298629573413304,0.80282736
117,0.0181032464382384,0.99497414,0.43457402501787457,0.8958333
118,0.014189014070991548,0.99610204,0.32932476912225994,0.9103423
119,0.01233250022759983,0.9962845,0.4657194699559893,0.83668154
120,0.011811349121955665,0.9964006,0.4666932097503117,0.8735119
121,0.010625978274642846,0.9964172,0.3264848675046648,0.89397323
122,0.012364873978770731,0.99605227,0.3757543819291251,0.89657736
123,0.010168345253153167,0.9970475,0.3932771810463497,0.89099705
124,0.012168782972853507,0.9963508,0.4684331289359501,0.8389137
125,0.012435206136146076,0.99625134,0.517349111182349,0.8634673
126,0.012345191265029924,0.9962016,0.5210026843207223,0.84151787
127,0.011425786971813068,0.99646693,1.0004213878086634,0.7470238
128,0.012639536875004251,0.9960191,0.4510649229798998,0.8843006
129,0.02942806213498553,0.99251926,0.5828989701611655,0.76525295
130,0.018690592499163817,0.99389595,0.5082569250038692,0.8084077
131,0.01642983309856663,0.9945097,0.49132620862552095,0.8385417
132,0.013253093298395458,0.995903,0.47264535086495535,0.8165923
133,0.01527810215304074,0.9956376,0.35770236594336374,0.8947173
134,0.011625147012295388,0.99648356,0.371196631874357,0.9125744
135,0.011847001351212662,0.9965665,0.579661454473223,0.83147323
136,0.009539543726607737,0.99681526,0.5131366040025439,0.79873514
137,0.009483005051874521,0.9970309,0.3864764017718179,0.86755955
138,0.00979257599203358,0.9971636,0.36622502548354013,0.9036458
139,0.011815383541601663,0.9965167,0.41596594878605436,0.84821427
140,0.011633946202318318,0.99648356,0.5992631954806191,0.8165923
141,0.011976949209030377,0.9966826,0.3344692587852478,0.9025298
142,0.011934023364426666,0.99645036,0.3128036856651306,0.91331846
143,0.013639721771379433,0.99610204,0.34331513728414265,0.8891369
144,0.012117265751996432,0.9965167,0.38005705390657696,0.85714287
145,0.012817793516176746,0.9964338,0.44358489768845694,0.83258927
146,0.011939492500228173,0.99673235,0.423101191009794,0.8630952
147,0.011387291667830188,0.9965499,0.4583873919078282,0.8504464
148,0.010340086268706437,0.99681526,0.7412954824311393,0.7920387
149,0.018469659695719707,0.99452627,0.3284082923616682,0.9129464
150,0.013004097015897975,0.99605227,0.3826515333993094,0.8660714
151,0.009292735042870578,0.9967821,0.34255538667951313,0.8630952
152,0.010030826837603733,0.99669915,0.4026555504117693,0.8552827
153,0.009763362852177675,0.9969978,0.42334355626787457,0.90178573
154,0.010369239078720092,0.99661624,0.36911381993974957,0.89397323
155,0.01224073307690027,0.99636745,0.42854045970099314,0.8515625
156,0.00935182733381596,0.99681526,0.37273683292525156,0.88244045
157,0.007591390129071523,0.99762803,0.4287576036793845,0.8660714
158,0.008731759520336837,0.9974456,0.454927533864975,0.83147323
159,0.010249079619182333,0.9967821,0.7335322669574192,0.7410714
160,0.010252948642287004,0.99673235,0.4685676523617336,0.8426339
161,0.009619496805736295,0.9970475,0.5136561904634748,0.83370537
162,0.007997604843746854,0.9975949,0.4577036883149828,0.85863096
163,0.008285462264738834,0.99749535,0.463702563728605,0.80543154
164,0.007515049317653451,0.997711,0.4459876673562186,0.8582589
165,0.009762436883972157,0.9970309,0.9286500641277858,0.77678573
166,0.01726368878160568,0.9954717,0.49340552517345976,0.84300596
167,0.016894728502564155,0.9953888,0.787922739982605,0.7879464
168,0.0128902872901777,0.9964172,0.430885374546051,0.87686014
169,0.00956009433680178,0.99701434,0.47911660586084637,0.81063986
170,0.008764219055326072,0.9971968,0.3894084649426596,0.88095236
171,0.007843895792566806,0.9976944,0.4388593946184431,0.87462795
172,0.007272829726566003,0.9977608,0.32267156669071745,0.90290177
173,0.006608415265913742,0.99805933,0.6988405670438494,0.8448661
174,0.009345338236711843,0.9975119,0.3437071740627289,0.8936012
175,0.009362088280256687,0.99709725,0.548083850315639,0.83556545
176,0.008608298648031433,0.99777734,0.7467614752905709,0.7708333
177,0.010832463031324464,0.9967489,0.46437269023486544,0.83519346
178,0.010777333777812044,0.9969978,0.5492588324206216,0.78980654
179,0.015497155218494948,0.9961518,0.4559993829045977,0.86495537
180,0.01239506219989942,0.9962679,0.5131220604692187,0.8623512
181,0.007060110385609617,0.99762803,0.376913709299905,0.8798363
182,0.007558075214506438,0.9977939,0.34573996918542044,0.9114583
183,0.006277856847527279,0.99805933,0.3867578165871756,0.90178573
184,0.007558003969441728,0.9977276,0.39469738943236216,0.859375
185,0.008268894137652253,0.99762803,0.48483810680253164,0.8400298
186,0.008108916959705531,0.99746215,0.5209917426109314,0.80431545
187,0.007336306424775242,0.9979598,0.6195955617087228,0.81473213
188,0.007238107691950885,0.9981091,0.8911164317812238,0.7217262
189,0.007169002367829747,0.99797636,0.4199760173048292,0.85491073
190,0.008376664950724928,0.9978769,0.6022332736424038,0.7693452
191,0.008116612015716557,0.99752855,0.6067843011447361,0.85081846
192,0.007860175186598912,0.9976944,0.5270841632570539,0.7953869
193,0.007648348286426887,0.9977608,0.4643888090338026,0.8802083
194,0.006351195121525707,0.99814224,0.5825796553066799,0.78571427
195,0.007862389080713864,0.9977276,0.48420235940388273,0.84040177
196,0.009052463092244858,0.99709725,0.5728858709335327,0.78980654
197,0.017710523816659027,0.9954054,0.4855497820036752,0.81026787
198,0.015063624459933716,0.9958035,0.6831806216921125,0.78943455
199,0.011388015827865304,0.9967987,0.5707259774208069,0.7782738
200,0.007953588939310478,0.99734604,0.5590811882700238,0.82589287
201,0.006343700383961726,0.99817544,0.5167665098394666,0.8154762
202,0.00540343308336276,0.9984906,0.5744171440601349,0.8173363
203,0.005060499882845552,0.9982749,0.47294752512659344,0.8177083
204,0.005140285706005624,0.99850714,0.6371871403285435,0.7927827
205,0.00714435497929215,0.9982086,0.8326857430594308,0.75
206,0.00971277553915014,0.99721336,0.4087358159678323,0.84970236
207,0.007869744737379902,0.9977608,0.4671499558857509,0.85119045
208,0.009197123626722859,0.99746215,0.4702796850885664,0.8165923
209,0.00895618433883767,0.997429,0.7278824533735003,0.75855654
210,0.008114386270631112,0.99752855,0.634253978729248,0.7879464
211,0.006641208923725386,0.9980759,0.5316883964197976,0.8255208
212,0.007245723661530047,0.99797636,0.765813376222338,0.8058036
213,0.011036374609399964,0.997147,0.5171932280063629,0.84300596
214,0.017163176854694123,0.9959528,0.7433315089770726,0.7827381
215,0.01190778068501308,0.99650013,0.9131387983049665,0.80505955
216,0.006937629679625597,0.9981091,0.7645738295146397,0.77678573
217,0.006996674547837269,0.9979598,0.8913353426115853,0.76525295
218,0.005475818559040244,0.9985901,1.0445993627820696,0.72991073
219,0.005282055687200175,0.998192,0.7654853548322406,0.75967264
220,0.006029551741529915,0.998474,0.8705634219305856,0.76488096
221,0.004664718106130077,0.998756,0.7853795460292271,0.7645089
222,0.004496472433031483,0.9986067,0.8413613012858799,0.73214287
223,0.004877481945968496,0.998474,0.7204080053738185,0.7901786
224,0.004570762021217703,0.9986399,0.6164302059582302,0.8232887
225,0.004740873824589847,0.9985569,0.5739189045769828,0.81063986
226,0.005329045128730002,0.9988555,0.7777696337018695,0.8020833
227,0.00842173790553982,0.9973958,0.6964270387377057,0.7853423
228,0.007976223389896345,0.9977608,1.1945940000670296,0.69568455
229,0.005669389372191881,0.9983247,0.75740133864539,0.75446427
230,0.005717560234924274,0.9985238,0.6152073655809674,0.77008927
231,0.006298885207357601,0.9979432,0.6907658576965332,0.7354911
232,0.0063005039536486495,0.9981257,0.659974821976253,0.78869045
233,0.006088892119287208,0.998192,0.8636671815599714,0.72693455
234,0.006980650662386023,0.99791,0.5119305976799556,0.8407738
235,0.0072809748574684,0.99797636,0.6750573430742536,0.8061756
236,0.005529451421074798,0.9983247,0.9984373194830758,0.7593006
237,0.006315037460080061,0.99805933,0.5916645314012255,0.8296131
238,0.007900928342246951,0.9975451,0.9195005382810321,0.7146577
239,0.005522793909842516,0.9987062,0.6099433558327811,0.76897323
240,0.006148588695478578,0.9981091,0.5141542170728955,0.8162202
241,0.007016573276548121,0.99791,0.5051640229565757,0.83556545
242,0.006803386269669848,0.9982086,0.5739088995116097,0.8046875
243,0.0068123360079615485,0.9982252,0.8189316391944885,0.7057292
244,0.005312985770689202,0.99842423,0.772892986025129,0.7202381
245,0.0051130694215580485,0.99854034,0.6239749831812722,0.8270089
246,0.00585608354839487,0.9982749,0.48699699555124554,0.85863096
247,0.006622566878774074,0.99797636,0.7742199301719666,0.7693452
248,0.009435437410316971,0.9973129,0.8704631754330227,0.7135417
249,0.013504256373942402,0.99608546,0.901958806174142,0.78348213
250,0.012185597553458822,0.9963011,0.8255794899804252,0.80394346
251,0.009271999013241498,0.9971802,0.8612054927008492,0.77938986
252,0.006544300442230196,0.9980427,0.7419659835951669,0.7682292
253,0.004721225607561641,0.99850714,0.6468905125345502,0.8058036
254,0.004254534227891399,0.998756,0.5814541152545384,0.8005952
255,0.003078278658281929,0.9989882,0.5875539949962071,0.7860863
256,0.0029409358541909692,0.9992536,0.7142975500651768,0.75818455
257,0.00458224919847812,0.998474,0.7495848536491394,0.76227677
258,0.004063346729593293,0.998756,0.618423078741346,0.8515625
259,0.005497266794009192,0.9985901,0.6297025254794529,0.7566964
260,0.005865115820904593,0.9982418,0.5907082557678223,0.7838542
261,0.005351650076724124,0.9984906,0.6529395495142255,0.77008927
262,0.004393990315750115,0.9986067,0.7757513012204852,0.76376486
263,0.0045051736474972575,0.99873936,0.6305548293249947,0.8035714
264,0.0033819132781813515,0.9989219,0.867520136492593,0.72991073
265,0.0029698601673497477,0.99915403,0.7640065721103123,0.77678573
266,0.0050945510172238475,0.998474,0.5973829116140094,0.8110119
267,0.006203525257075569,0.9982418,0.503676882811955,0.85193455
268,0.005214796354576505,0.9985238,0.524840065411159,0.82254463
269,0.005680696008300639,0.99840766,0.8675704513277326,0.7540923
270,0.008408110143264027,0.99777734,0.6076663221631732,0.8005952
271,0.006712382045103009,0.9978271,0.8746664353779384,0.74665177
272,0.005571707060986448,0.99842423,0.5413847693375179,0.84412205
273,0.006220935790230551,0.99800956,0.8822477459907532,0.8110119
274,0.02185802901829934,0.9950737,1.3171176058905465,0.65178573
275,0.026674323411162344,0.9929837,0.8399675233023507,0.71428573
276,0.014101060150211736,0.99545515,0.9861030748912266,0.71800596
277,0.008453084332923229,0.9973295,0.7594041568892342,0.7202381
278,0.006862284065971598,0.99814224,0.5683207597051348,0.8240327
279,0.002965702479858902,0.9990877,0.6823810338973999,0.81436014
280,0.002776700931829388,0.99918723,0.5893700463431222,0.79092264
281,0.0036466505263981082,0.998955,0.6776598862239293,0.76748514
282,0.0035375521342192752,0.99905455,0.6527578915868487,0.79129463
283,0.004449274207120212,0.9988389,0.7813001956258502,0.7734375
284,0.004573145604358775,0.998756,0.7823446478162494,0.74665177
285,0.003123926340290715,0.9990048,0.8309557012149266,0.7615327
286,0.002321043085380791,0.999237,0.8373691099030631,0.7358631
287,0.0022890967174417987,0.99933654,0.8652789081845965,0.77306545
288,0.0028558904554175993,0.99930334,0.9860202159200396,0.7797619
289,0.0036978134999913707,0.99877256,0.6469529611723763,0.83928573
290,0.00811314723403623,0.99789345,1.2700217962265015,0.71540177
291,0.008924383169104872,0.997429,1.0724110433033534,0.80022323
292,0.006203706504452761,0.9981257,0.5266141465732029,0.8448661
293,0.004670477045643438,0.99840766,0.47662714549473356,0.82738096
294,0.00436751194286134,0.99857354,0.5279467574187687,0.8165923
295,0.003934976331671223,0.99890524,0.6820097480501447,0.81212795
296,0.002670521328824291,0.99927014,0.6931448153087071,0.79129463
297,0.0034509358357900795,0.9991209,0.6258924688611712,0.82477677
298,0.003435429331443484,0.9989716,0.528188339301518,0.82626486
299,0.004256548604655238,0.99878913,0.7165447814123971,0.81212795
300,0.0048818775462951235,0.99902135,0.7375253438949585,0.8311012
301,0.004115801309303302,0.99880576,0.9573574321610587,0.8165923
302,0.0038548552790132725,0.9988389,0.6818728957857404,0.7704613
303,0.005412539427687276,0.9984408,0.7736968994140625,0.79910713
304,0.004151133937322266,0.99878913,0.9864900452750069,0.7358631
305,0.00483120952713808,0.998673,0.7957738723073687,0.83630955
306,0.003226871170647231,0.9990379,0.7785362941878182,0.80915177
307,0.00362924778421515,0.9988389,0.6341889458043235,0.85081846
308,0.003008009149472629,0.9991209,0.918430072920663,0.82217264
309,0.0031507366109357823,0.99890524,0.6656122037342617,0.81175596
310,0.006277912807758718,0.9982418,0.6552055392946515,0.8526786
311,0.0036810888787850806,0.998955,1.1066755226680212,0.7745536
312,0.004526761591573719,0.9987228,0.571932464838028,0.8504464
313,0.0036861101245831726,0.9989219,0.8100602115903582,0.82886904
314,0.0047720143147251485,0.99873936,1.0391038315636771,0.7410714
315,0.006953872388733074,0.99825835,1.1190904123442513,0.6990327
316,0.004877456130264068,0.99868965,1.146116988999503,0.73660713
317,0.007780834697742955,0.9979598,1.3939791577202933,0.6223958
318,0.02220820043374747,0.99417794,0.9069104790687561,0.76488096
319,0.010028383028155447,0.996666,0.9821299314498901,0.68303573
320,0.008913851775441278,0.99729633,0.7746925439153399,0.73511904
321,0.004389212680061568,0.9984408,0.5796913632324764,0.7875744
322,0.002774091841289122,0.9990877,0.8203081829207284,0.74553573
323,0.0028222815991968304,0.99927014,0.6880118932042804,0.7723214
324,0.003091987283249393,0.9990379,0.595461334500994,0.83147323
325,0.002314630546628077,0.99933654,0.6941886288779122,0.7916667
326,0.0023039820046348207,0.99941945,0.7098554372787476,0.79129463
327,0.0014382874850363493,0.99950236,0.5373741941792625,0.8463542
328,0.0029356606703286985,0.99918723,0.5921455025672913,0.80282736
329,0.0029198506806775927,0.9992038,0.6627185004098075,0.78571427
330,0.004380622645735414,0.9989716,0.5524660561765943,0.81212795
331,0.0037325568973394104,0.9990379,0.6304394943373544,0.7723214
332,0.0025169381141318566,0.99927014,0.5474547828946795,0.8307292
333,0.002431797066654277,0.99930334,0.6116792389324733,0.81287205
334,0.003003845499213952,0.99905455,0.6016155055591038,0.8255208
335,0.0027687151120707673,0.9991209,0.7262704031808036,0.7589286
336,0.0027794094733518747,0.9990711,0.7418703862598964,0.7704613
337,0.003222502413496257,0.9990379,0.7961343101092747,0.74293154
338,0.0036657914439739894,0.99878913,1.1383301189967565,0.69345236
339,0.004824499511038072,0.9984906,0.7560593656131199,0.7540923
340,0.006909259664359182,0.99825835,0.6819377626691546,0.78869045
341,0.0042428696675678845,0.99882233,0.7051283546856472,0.7734375
342,0.003504524042598535,0.9991209,0.6438315425600324,0.8005952
343,0.0056251579968827,0.9985901,0.7067753502300808,0.8407738
344,0.006363987230524886,0.9980759,1.4407329729625158,0.67373514
345,0.00486983397741023,0.9986067,0.6460128085953849,0.82366073
346,0.005064786756163705,0.9985569,0.847894413130624,0.7607887
347,0.0051385119121136035,0.99865645,0.7935901539666312,0.7849702
348,0.0028040737121142853,0.99918723,0.7623184834207807,0.7708333
349,0.005379810590118428,0.9985238,0.9469266022954669,0.7630208
350,0.005344909067512481,0.9985238,1.1450271265847343,0.70386904
351,0.007444455535935895,0.99814224,0.9584418364933559,0.7213542
352,0.004694587891295614,0.998474,0.5772890618869236,0.8061756
353,0.0034120863541414106,0.9988389,0.620313150542123,0.7719494
354,0.003475939920958432,0.9990379,0.7786453706877572,0.73102677
355,0.005735645077614897,0.9984408,0.7651972940989903,0.75744045
356,0.004694586518153946,0.998756,0.5275299889700753,0.8307292
357,0.0034752404907026553,0.9989219,1.0157564197267805,0.7083333
358,0.002472444993522377,0.9992536,0.8048618265560695,0.7433036
359,0.0025148590909511302,0.99933654,0.5840306494917188,0.7849702
360,0.0041499953578828346,0.9988887,0.5240991967064994,0.79650295
361,0.003960500606177204,0.9988389,0.6109446287155151,0.8203125
362,0.003870440476105753,0.99893844,0.7590130141803196,0.7380952
363,0.0038176173671907202,0.99890524,0.7819743241582598,0.7782738
364,0.00340135366092712,0.99930334,0.7351394891738892,0.74553573
365,0.0021079555608738915,0.99933654,0.608312726020813,0.79761904
366,0.002026957731021603,0.99945265,1.0571653757776533,0.6979167
367,0.0027438263954711038,0.99918723,0.8399581142834255,0.7302827
368,0.003551903990612095,0.998756,0.7103552392550877,0.75744045
369,0.004700605402037211,0.998756,0.5754220059939793,0.82068455
370,0.0044276181064097945,0.99862325,0.84076441185815,0.75037205
371,0.006080875130751598,0.998192,1.2193061113357544,0.6703869
372,0.005949442477904491,0.998192,0.6718980925423759,0.8084077
373,0.0063291727753963575,0.9983413,0.45921419773783,0.8701637
374,0.005392973400624296,0.99840766,0.642056976045881,0.8370536
375,0.004464602369244651,0.9988555,0.6352417639323643,0.8251488
376,0.0028253672302667883,0.9990711,0.7445126516478402,0.7764137
377,0.00360358640791623,0.9988389,1.0463964939117432,0.73772323
378,0.0031327456828759313,0.9991043,0.7769945689610073,0.81287205
379,0.004439786117207225,0.99880576,0.7863454222679138,0.7157738
380,0.0038374828080877357,0.99882233,0.7775859747614179,0.7373512
381,0.0036744064379047574,0.9990379,0.9438274162156242,0.68712795
382,0.0035903349562536684,0.9990877,0.9945149166243417,0.6938244
383,0.004858400258941075,0.9985569,1.018218926021031,0.75706846
384,0.005556845423748751,0.99862325,0.703311596597944,0.8322173
385,0.0031991979392517636,0.99918723,0.8594004086085728,0.7708333
386,0.001992371257110978,0.9994029,0.8118341224534171,0.78683037
387,0.002638177676202672,0.99938625,0.8865818296160016,0.80654764
388,0.002505262670236263,0.99927014,0.7559996502740043,0.8333333
389,0.004729995848051412,0.99882233,0.8972091589655194,0.8489583
390,0.0024596078616655917,0.999237,0.6519909415926252,0.82105654
391,0.0026382407400570517,0.999237,0.8229015299252102,0.8005952
392,0.004880717588211409,0.99862325,0.9469725915363857,0.7697173
393,0.005898908401606234,0.9984906,0.7224017807415554,0.77790177
394,0.0049886787725757185,0.99873936,0.9092815858977181,0.77566963
395,0.0062824638806580355,0.99797636,0.597887669290815,0.80394346
396,0.004047511212281285,0.99868965,0.6222157393183027,0.8031994
397,0.0034044617064534527,0.9991043,0.9247520906584603,0.77008927
398,0.004180937649758203,0.99915403,0.4207720841680254,0.88467264
399,0.0019566973054111984,0.99941945,0.8321347747530256,0.7719494
400,0.0031147346251710604,0.99922043,0.5643550668443952,0.8478423
401,0.003549282069819571,0.99915403,1.1189809356416975,0.7645089
402,0.002030992428996513,0.99955213,0.5997673400810787,0.8318452
403,0.0016924245968861487,0.99950236,0.8622110741479057,0.77380955
404,0.0012310926051129034,0.9996849,0.6981004646846226,0.80022323
405,0.001707514443292549,0.999519,0.5692460281508309,0.83668154
406,0.005963488071842899,0.998474,1.0218345011983598,0.7875744
407,0.005587465517527081,0.9983579,0.7778434753417969,0.7745536
408,0.0044390469124563,0.9987062,0.8247550300189427,0.77566963
409,0.0032643535287825882,0.99902135,0.8664798055376325,0.7488839
410,0.002686868421242426,0.9992038,0.7904835087912423,0.78125
411,0.002743189453102407,0.99917066,0.7904922706740243,0.7667411
412,0.002185154159262635,0.99930334,0.7515849726540702,0.81696427
413,0.006789876503111731,0.9983579,0.6978080017226083,0.76897323
414,0.004219895242107911,0.99873936,1.0531215838023595,0.7250744
415,0.0031958924954718095,0.9990379,0.7436074359076363,0.7607887
416,0.0037345597455574987,0.998955,0.7624553271702358,0.77157736
417,0.0027696677352491714,0.99913746,0.8957328455788749,0.73511904
418,0.0028027893998620068,0.99913746,0.9572754842894418,0.74255955
419,0.0024072514797869806,0.99930334,0.7308100036212376,0.7838542
420,0.0027434336262235686,0.9990048,0.7515256745474679,0.7578125
421,0.002040340025901552,0.9994858,0.7668608001300267,0.8087798
422,0.0020794823690702922,0.999436,0.6381882514272418,0.81994045
423,0.0023540003745546193,0.9993199,0.7462169868605477,0.7704613
424,0.00304156602824179,0.99927014,1.028098693915776,0.73400295
425,0.003836812287272044,0.9989882,0.7956592440605164,0.7905506
426,0.0036693696898232398,0.99918723,0.6883265972137451,0.78683037
427,0.0017891590997989471,0.99950236,0.5853262713977269,0.8188244
428,0.0028733673031933757,0.9992038,0.6598375865391323,0.83519346
429,0.0027901875281135156,0.999237,0.8003698331969125,0.82254463
430,0.004152181031880463,0.998955,0.7240382092339652,0.8266369
431,0.003652996285257773,0.9990048,0.5804286514009748,0.80394346
432,0.006821720616350142,0.99802613,1.0775235210146223,0.7589286
433,0.009908054620425693,0.99764466,1.1568325332232885,0.74441963
434,0.007166732068940668,0.9979598,0.9391240051814488,0.8422619
435,0.004665003181510404,0.9986399,0.6206100072179522,0.8188244
436,0.0033065517944878245,0.9990877,0.6851971660341535,0.75744045
437,0.002881402141546587,0.99915403,0.6420859439032418,0.8162202
438,0.002922730408109609,0.99913746,0.974578823362078,0.75855654
439,0.0037464788273635953,0.9990379,0.6898924878665379,0.86644346
440,0.0029437103583703017,0.99915403,0.8308181251798358,0.84151787
441,0.001962041993321291,0.99938625,0.9554563420159476,0.84375
442,0.0018099118037945105,0.999436,0.4406143682343619,0.8787202
443,0.003546366652267877,0.99893844,0.6660997612135751,0.8229167
444,0.0025863566319737695,0.9993199,0.5518184006214142,0.8270089
445,0.003574912603225909,0.9989716,0.838869537625994,0.81026787
446,0.004714739396951126,0.9987062,0.8899076495851789,0.8084077
447,0.004056937487361376,0.99902135,0.8022291490009853,0.7526042
448,0.0029885220706692807,0.99930334,0.722449677331107,0.8005952
449,0.001916965921965306,0.9993697,0.6248391994408199,0.8125
450,0.0029023629789337534,0.99922043,0.5610370550836835,0.83370537
451,0.0015094141457728685,0.99950236,0.7900123596191406,0.79761904
452,0.0032741667277203777,0.9991043,0.7391192487307957,0.8660714
453,0.003010976972332883,0.99922043,0.6182136493069785,0.8031994
454,0.003540564693087684,0.99893844,0.6299225432532174,0.8084077
455,0.0072800981945170245,0.9983081,0.6404723184449332,0.81994045
456,0.004511627249635066,0.99865645,0.9483357412474496,0.77790177
457,0.002989737541948326,0.9991043,0.5659982860088348,0.84449404
458,0.0031425264252649627,0.9992038,0.5944390382085528,0.85900295
459,0.002138849060693616,0.9993697,0.5350842731339591,0.84300596
460,0.002827611809757588,0.99917066,0.6630498170852661,0.86755955
461,0.0029556115765563456,0.99918723,0.37616697805268423,0.88318455
462,0.0023627532079039644,0.99922043,0.5349379181861877,0.82626486
463,0.0025003799709842622,0.9993199,0.5169761180877686,0.84970236
464,0.0018340689023000666,0.9994858,0.5880031500543866,0.79761904
465,0.002215031562092214,0.9993531,0.5284860517297473,0.84151787
466,0.0016750570733203313,0.9994858,0.6439990060670036,0.8031994
467,0.0021151228906943565,0.99938625,0.6159041268484933,0.86123514
468,0.002305580337065656,0.99941945,0.5603272659437997,0.81473213
469,0.002521999219418137,0.9994029,0.6943033252443586,0.79464287
470,0.0022417577053720178,0.9994029,0.6914743951388768,0.8087798
471,0.0032243762243884793,0.9990877,0.5544848399502891,0.84970236
472,0.0045563998596532375,0.9985238,0.6423329498086657,0.8191964
473,0.005103856738538412,0.9985238,0.9217404552868435,0.7615327
474,0.009315304425778957,0.9976778,0.6296393275260925,0.85342264
475,0.004934158379281616,0.99862325,0.627784720488957,0.83928573
476,0.0029367472526879157,0.9991209,0.6358904029641833,0.78459823
477,0.00263764480782067,0.9992038,0.826564337526049,0.76376486
478,0.0023962928299526283,0.99933654,0.5447307527065277,0.82477677
479,0.0021585923439830183,0.99933654,0.5780625939369202,0.86755955
480,0.003173234265766076,0.999237,0.6986111402511597,0.8504464
481,0.0013689338089362634,0.9996019,0.6178316388811383,0.82775295
482,0.0021660110724505605,0.9994858,0.5672951681273324,0.8165923
483,0.0019003157348112117,0.9993531,0.569543583052499,0.85193455
484,0.0028928475387618086,0.99913746,0.7301317283085415,0.85230654
485,0.0022025937229540964,0.99927014,0.7627319778714862,0.82849705
486,0.0024659564421527346,0.99930334,0.5997573563030788,0.81808037
487,0.0012438291939409413,0.9996019,0.5048109037535531,0.85193455
488,0.001136307571986056,0.9997346,0.6162497401237488,0.8474702
489,0.0011579891726960826,0.9996019,0.5364397423607963,0.84300596
490,0.001824479181194944,0.99955213,0.5398644421781812,0.8720238
491,0.0026114239409056822,0.9993697,0.7040713429450989,0.8191964
492,0.006922115883504479,0.9983413,0.7021467515400478,0.8530506
493,0.007720926663333922,0.9980925,0.4360554260866983,0.8973214
494,0.00458877682440455,0.99882233,0.5955605762345451,0.85193455
495,0.0021062834466057316,0.9992038,0.6102389991283417,0.84933037
496,0.0018262962726037942,0.99941945,0.4540461684976305,0.8947173
497,0.0028214364815674605,0.9993697,0.5660619948591504,0.84933037
498,0.0024630383483622825,0.9992536,0.6754922270774841,0.8188244
499,0.0012019006394963284,0.9996185,0.7508545177323478,0.7853423
500,0.003210463272558098,0.99918723,0.5647700343813215,0.8563988
501,0.002363864342709791,0.99938625,0.5306440591812134,0.84598213
502,0.0029072835796082443,0.9990877,0.46311583263533457,0.8712798
503,0.0014369949801147223,0.999519,0.37780803229127613,0.9073661
504,0.002009296299525266,0.9994692,0.5067402337278638,0.8608631
505,0.002496932342098847,0.9993531,0.640199533530644,0.84821427
506,0.002419380207306916,0.99938625,0.5891412581716265,0.86383927
507,0.0018640541470218684,0.99950236,0.5156816371849605,0.8813244
508,0.0015382534961471644,0.9996517,0.4612295499869755,0.9092262
509,0.002337269709219825,0.999436,0.726565250328609,0.82068455
510,0.002093085356802373,0.99945265,0.5132682578904288,0.87723213
511,0.0019834806604673008,0.99941945,0.6513126918247768,0.85974705
512,0.003141118565821534,0.9991043,0.45371384280068533,0.8828125
513,0.004523921636690914,0.9988389,0.7164075630051749,0.8009673
514,0.0054600833380593515,0.9986399,0.6251593147005353,0.8292411
515,0.004587512493372788,0.99862325,0.4777812489441463,0.8296131
516,0.003075556115737501,0.99915403,0.5849984032767159,0.8567708
517,0.002393488087552944,0.9992868,0.4940893905503409,0.85602677
518,0.004997977514178844,0.9985238,0.6234892777034214,0.84300596
519,0.003480323997922198,0.9990048,0.4875091697488512,0.8530506
520,0.002805962964332427,0.999237,0.714151246207101,0.82477677
521,0.0015400494512432836,0.99955213,0.6387025373322623,0.80691963
522,0.0013611218834484811,0.9996351,0.6607792888368879,0.8188244
523,0.0030835360282614145,0.9991043,0.5786683346543994,0.81956846
524,0.010098326657933018,0.9975949,0.5678282678127289,0.84040177
525,0.005959916384652758,0.99825835,0.694986913885389,0.80133927
526,0.0038276785538704887,0.99913746,0.5146920170102801,0.8452381
527,0.0016514274287741917,0.99955213,0.4862516096660069,0.8683036
528,0.0013518051444785311,0.9996517,0.5306324192455837,0.8735119
529,0.0013016868218719711,0.99956876,0.55409118107387,0.85751486
530,0.0007358099633881215,0.99978435,0.6783442497253418,0.82738096
531,0.0004879254104636834,0.9999171,0.555082517010825,0.8790923
532,0.0007968508928132371,0.9998341,0.5657799967697689,0.8660714
533,0.0014507149560988796,0.9996019,0.7811795558248248,0.80691963
534,0.0021525760677013495,0.999519,0.5892259521143777,0.8999256
535,0.0015922025120543059,0.99956876,0.5641498778547559,0.83928573
536,0.0024803110175760017,0.999436,0.6166670066969735,0.82849705
537,0.003119920152570627,0.99927014,0.44545688373701914,0.90066963
538,0.003492175468673671,0.9991209,0.4766089618206024,0.86123514
539,0.0030161573770784884,0.9992038,0.5616542994976044,0.8545387
540,0.0034139073115562616,0.9989882,0.4375795083386557,0.8790923
541,0.0014339276957158452,0.99958533,0.46817359754017424,0.86681545
542,0.001730319832459064,0.99945265,0.5264904201030731,0.8370536
543,0.0025719560243386997,0.99938625,0.5757017859390804,0.83630955
544,0.0029146377732140183,0.999237,0.3845717098031725,0.90550596
545,0.004814186330600457,0.99882233,0.42914887837001253,0.9129464
546,0.0028514858738125076,0.9992868,0.5400031634739467,0.8578869
547,0.0030706225746444955,0.9991209,0.3440248114722116,0.9363839
548,0.003180016902086782,0.99933654,0.5304651175226484,0.88058037
549,0.0024882728511938317,0.99930334,0.6060844319207328,0.82775295
550,0.003373412013450229,0.99933654,0.5926526018551418,0.8251488
551,0.0017513335294034715,0.99953556,0.4748953580856323,0.8917411
552,0.0015407523079667641,0.9994858,0.5097483779702868,0.8642113
553,0.0011736446563128835,0.9996351,0.5512443482875824,0.8623512
554,0.002065066167469155,0.9994029,0.6408445409366063,0.82998514
555,0.0024879729772153986,0.99941945,0.4665840097836086,0.8709077
556,0.00554855996298988,0.9985569,0.43217418023518156,0.8895089
557,0.004660919077427731,0.99862325,0.4937858836991446,0.8813244
558,0.0026999064435624855,0.9992868,0.6035721812929425,0.8046875
559,0.0022488980628331896,0.99941945,0.6318766474723816,0.8266369
560,0.0019283457336926194,0.99941945,0.4849258363246918,0.8876488
561,0.0021754937740978047,0.9994858,0.677476874419621,0.8385417
562,0.001885032490330922,0.9993697,0.5896367302962712,0.88355654
563,0.001622129909172588,0.9996185,0.5870948263577053,0.86272323
564,0.00480257253481117,0.99890524,0.6356351716177804,0.80022323
565,0.004311529447694605,0.99873936,0.7537658555167062,0.79129463
566,0.0035559945327744134,0.9991043,0.33081073420388357,0.91964287
567,0.002895439691700961,0.99927014,0.4444620524133955,0.8787202
568,0.0023871445058937964,0.99918723,0.35341799684933256,0.9110863
569,0.0015699211134568966,0.99945265,0.387090448822294,0.89880955
570,0.0023196221077613306,0.99938625,0.5008779082979474,0.86011904
571,0.0023289793498417516,0.9994858,0.36938981073243277,0.9229911
572,0.001858962274453623,0.99955213,0.5461033284664154,0.8645833
573,0.003243392415925878,0.99930334,0.4208144928727831,0.89025295
574,0.0021389298451421307,0.9996019,0.3936977812222072,0.9188988
575,0.0011028177047014151,0.9997512,0.32973720346178326,0.92001486
576,0.001508535950245439,0.9996019,0.31075939323220936,0.9296875
577,0.001996499844240355,0.9994858,0.3833316479410444,0.90290177
578,0.0007946682460507559,0.99978435,0.3923898381846292,0.9099702
579,0.0024557051440680855,0.99930334,0.43688133358955383,0.9192708
580,0.0037142983335611084,0.99915403,0.42873632056372507,0.89918154
581,0.003959080387491065,0.99890524,0.6883695210729327,0.8270089
582,0.004423720726104284,0.9988555,0.4664569709982191,0.8995536
583,0.004238051940581335,0.9987228,0.6687711817877633,0.8530506
584,0.003860917937026065,0.9988721,0.45694324374198914,0.90848213
585,0.003024832343155334,0.9991043,0.6555970992360797,0.85714287
586,0.0027891375318601745,0.99927014,0.40789431759289335,0.90587795
587,0.0015437950856324548,0.9996185,0.403799906373024,0.93005955
588,0.0011967501432130795,0.9996849,0.44043514132499695,0.9267113
589,0.0016250005710036807,0.99956876,0.46125442641122,0.89918154
590,0.0014809846070548995,0.9996019,0.5388832986354828,0.87946427
591,0.0025396030763210698,0.99938625,0.44258783970560345,0.85714287
592,0.0030390628605212536,0.99913746,0.4107136343206678,0.9170387
593,0.0015301683256221756,0.99950236,0.46913480332919527,0.8854167
594,0.0019788923185687615,0.99950236,0.4429267304284232,0.9010417
595,0.0019515673034404273,0.99945265,0.4034542909690312,0.91369045
596,0.0026648846593077583,0.9993531,0.47717125926698956,0.84821427
597,0.004969722264895485,0.99880576,0.3716236374207905,0.92001486
598,0.0029868870682131276,0.99905455,0.5686481211866651,0.8578869
599,0.0032505702608742254,0.9991209,0.42427257129124235,0.8943452
600,0.003998085133690629,0.9989882,0.3615921948637281,0.9047619
601,0.003252540417404463,0.9990379,0.5246981297220502,0.8683036
602,0.0041337343449967985,0.9990711,0.7427536249160767,0.8214286
603,0.00277660569144974,0.9992868,0.5228782849652427,0.88988096
604,0.00236006415675156,0.9993531,0.8041343092918396,0.7864583
605,0.0017085779163484994,0.9996351,0.5571204849651882,0.82998514
606,0.001289058651462725,0.99956876,0.5268567161900657,0.83407736
607,0.0011656886455872289,0.9996185,0.7915329251970563,0.8251488
608,0.0009651580804631215,0.99970144,0.4009853047983987,0.88095236
609,0.001787744799178268,0.99966824,0.43072447180747986,0.8828125
610,0.0007589690914915589,0.9997678,0.4115639967577798,0.8843006
611,0.0011791918612035206,0.9996351,0.4164371149880545,0.89880955
612,0.001109539455181356,0.9998341,0.37698554566928316,0.90587795
613,0.0009107631214536905,0.9997678,0.4676824595246996,0.88355654
614,0.0020892519090152163,0.99958533,0.42679515055247713,0.88318455
615,0.0036529425730224344,0.9989716,0.30964056296007975,0.94196427
616,0.0033476879146525215,0.9990877,0.37078574299812317,0.88727677
617,0.0016801654272102827,0.99953556,0.3644413479736873,0.8936012
618,0.002543541776923562,0.9993531,0.4308538053716932,0.87276787
619,0.002205980172824469,0.9994692,0.4524763822555542,0.84300596
620,0.0029172038122355407,0.99930334,0.4195524113518851,0.88206846
621,0.0018997873582294771,0.99950236,0.3847661316394806,0.90066963
622,0.0016333712199055282,0.9996019,0.3756377696990967,0.8984375
623,0.0023115353884041795,0.99945265,0.4005999650274004,0.8869048
624,0.005836433913420976,0.9985901,0.3661920002528599,0.91852677
625,0.004635282206522194,0.99862325,0.27268120859350475,0.9285714
626,0.005244251425968107,0.9985901,0.5059418593134198,0.875
627,0.003846559971717183,0.9989716,0.3852667340210506,0.8973214
628,0.002693605712745669,0.99933654,0.2721423549311502,0.9401042
629,0.002986568428956548,0.99922043,0.31374106236866545,0.9438244
630,0.0032263120294155263,0.99927014,0.34430389532021116,0.9337798
631,0.0019525463439265785,0.99950236,0.3738588179860796,0.90550596
632,0.0012520612129731613,0.9996517,0.3197431500468935,0.9192708
633,0.0012791113926064288,0.9996185,0.3810205204146249,0.89248514
634,0.0007798111189522989,0.999718,0.2993198675768716,0.92522323
635,0.0010813829857997583,0.99955213,0.33531692198344637,0.9188988
636,0.001397458165586716,0.9996019,0.45371879424367634,0.85193455
637,0.0012755958251793249,0.9996517,0.31858089566230774,0.92522323
638,0.0018196594447604988,0.99956876,0.29281628131866455,0.93787205
639,0.0008524376061424352,0.999718,0.31365723269326345,0.92522323
640,0.0013364234175846001,0.99958533,0.2947892057044165,0.93563986
641,0.00242322531116663,0.9994029,0.3453486455338342,0.9125744
642,0.002289261466038933,0.99941945,0.3355872120176043,0.92224705
643,0.0023603594905447518,0.99938625,0.2462429872580937,0.9479167
644,0.0011032927742980307,0.9996185,0.31472656556538176,0.92894346
645,0.0012603525057475987,0.99956876,0.2779946859393801,0.94977677
646,0.002015435564880886,0.999519,0.34922254724161966,0.92410713
647,0.0020502034627522397,0.99953556,0.3195452732699258,0.92410713
648,0.0021667687367091723,0.99955213,0.37604420099939617,0.87537205
649,0.0025235482542539838,0.99927014,0.443246922322682,0.87165177
650,0.0021127104098350737,0.999436,0.3227432987519673,0.92150295
651,0.0013731809706115246,0.99958533,0.2822661889450891,0.9337798
652,0.0008200330844790012,0.99981755,0.28782370899404797,0.9267113
653,0.0012962149428251725,0.9997346,0.28995255487305777,0.9281994
654,0.001964157113878225,0.9994692,0.3083598826612745,0.9401042
655,0.001424014373418567,0.9996185,0.30775341391563416,0.9192708
656,0.002601664257292639,0.9992868,0.27124563072408947,0.9326637
657,0.005904419422809317,0.99850714,0.43565607496670317,0.89769346
658,0.004379841838258356,0.9988555,0.9051278914724078,0.8891369
659,0.0029718367636173684,0.99933654,0.2992731119905199,0.93415177
660,0.0034763550745152347,0.9992038,0.2894092819520405,0.9259673
661,0.003273239407796282,0.999237,0.3865527851240976,0.88727677
662,0.0023256034894423975,0.9992868,0.3819554022380284,0.9177827
663,0.001654471750429515,0.99950236,0.3445899784564972,0.92782736
664,0.002064795161172617,0.999436,0.6306986127580915,0.86755955
665,0.002435349588626158,0.9994692,0.3108669029814856,0.91741073
666,0.0015584433757561808,0.9994692,0.29072884150913786,0.92745537
667,0.0013249251905507384,0.9996517,0.25920924970081877,0.94084823
668,0.0009559113511754239,0.99970144,0.2778528758457729,0.94196427
669,0.0011197364526099739,0.99970144,0.28609697946480345,0.9516369
670,0.00046138400466208627,0.9998507,0.27058776787349154,0.9479167
671,0.0010379150341991786,0.99970144,0.2582828998565674,0.9542411
672,0.0004676475727192619,0.9998673,0.3098244432892118,0.94084823
673,0.00442180276238317,0.99893844,0.35412222146987915,0.92224705
674,0.004011234451418262,0.9988389,0.29145175431455883,0.9401042
675,0.004652305211390688,0.99890524,0.3596316065107073,0.8958333
676,0.0014637515665844624,0.9996351,0.31154009274074007,0.91480654
677,0.001050850425692451,0.99970144,0.2720804235764912,0.94717264
678,0.0013148512708552637,0.9996517,0.24692558816501073,0.95535713
679,0.0012755838417562444,0.9996849,0.2932723526443754,0.92410713
680,0.0007468663081057903,0.999718,0.32414293927805765,0.9233631
681,0.0017829505904326942,0.9994692,0.292562267610005,0.9281994
682,0.0033786333269368233,0.9990379,0.29318501480988096,0.93415177
683,0.0036323379361035794,0.99902135,0.40726593136787415,0.90029764
684,0.002031690128854621,0.9994858,0.2667217573949269,0.9389881
685,0.0021925137019689457,0.9994858,0.2998354413679668,0.93303573
686,0.0015461331532723832,0.9996185,0.27280909035887035,0.94717264
687,0.0020650550054863376,0.999436,0.3153953892844064,0.93824404
688,0.0016826287704012196,0.9994692,0.3004805530820574,0.93415177
689,0.0013672307324495083,0.99970144,0.296432335461889,0.9345238
690,0.0012225417865280612,0.99970144,0.2680549940892628,0.93824404
691,0.0010597578574779074,0.9997346,0.42521569984299795,0.90401787
692,0.0016387215916164536,0.99955213,0.27686027331011637,0.95647323
693,0.003212741429929495,0.99918723,0.32674622748579296,0.92001486
694,0.0022242470707443457,0.99938625,0.282049223780632,0.9386161
695,0.0024886779924035165,0.9993697,0.2387992569378444,0.9557292
696,0.004013586634004662,0.9987228,0.32894972392490934,0.94494045
697,0.0022704717154287918,0.9994858,0.25148297207696096,0.9438244
698,0.002227770372357169,0.9994029,0.21597564007554734,0.9404762
699,0.0013945411057806778,0.9996517,0.2696376421621868,0.9233631
700,0.0020513991099427235,0.999436,0.20007947725909098,0.9594494
701,0.0011456608078682898,0.9997346,0.2265550951872553,0.9479167
702,0.0012287702355073037,0.99970144,0.24927295105797903,0.9441964
703,0.001413937078935379,0.99966824,0.25168720313480925,0.9598214
704,0.0009512679413997757,0.999801,0.21316119602748326,0.9520089
705,0.0014253548876688397,0.999718,0.23543972841330937,0.95126486
706,0.0021501320288532105,0.9993531,0.24756670211042678,0.9546131
707,0.0018043707726928045,0.99950236,0.36403607044901165,0.92894346
708,0.002796331593453783,0.99933654,0.23748359297003066,0.953125
709,0.007306782616807599,0.9986399,0.29399345389434267,0.93043154
710,0.004105483156483278,0.9988389,0.2571388142449515,0.9557292
711,0.002757947255044176,0.9992868,0.25150613486766815,0.94345236
712,0.002122244183177154,0.99950236,0.2566320960010801,0.9516369
713,0.002610693120347325,0.9994692,0.23345393155302321,0.94345236
714,0.0010029122258629242,0.99970144,0.2531751436846597,0.9598214
715,0.0008218392714207925,0.9997512,0.231593913265637,0.9479167
716,0.0008147485837027358,0.9997512,0.3808256047112601,0.9088542
717,0.00266761342280622,0.9994692,0.2190232915537698,0.9579613
718,0.004031284325645033,0.9990711,0.4946393498352596,0.8999256
719,0.0024350575277681122,0.9994029,0.31675497761794497,0.90662205
720,0.001321258620726229,0.9996019,0.2942790814808437,0.9259673
721,0.0006392093146287432,0.99978435,0.2291412970849446,0.94605654
722,0.0006584712455570105,0.9998341,0.30797507081712994,0.92150295
723,0.0016295842824865369,0.9996019,0.2659744620323181,0.93712795
724,0.003052932637735481,0.9992536,0.2556129055363791,0.94977677
725,0.0022763527658407226,0.99933654,0.35529840205396923,0.9051339
726,0.00197231142086637,0.999519,0.2858670098440988,0.9427083
727,0.0008582384621819497,0.99966824,0.27532819339207243,0.9308036
728,0.0006881386094607535,0.99981755,0.3106238394975662,0.92113096
729,0.0037322289367688454,0.99927014,0.30958503910473417,0.93824404
730,0.004528303575363301,0.99857354,0.3512671675000872,0.9021577
731,0.002821999485030781,0.99913746,0.3362288091863905,0.9088542
732,0.0013137656895646818,0.9996517,0.2643692408289228,0.95089287
733,0.0010206980411942748,0.9997346,0.32029250477041515,0.93005955
734,0.001670047492842171,0.9996517,0.2225583153111594,0.9639137
735,0.0028699208277970637,0.9991209,0.3179272030081068,0.93415177
736,0.0035355146951676518,0.9991043,0.2908135822841099,0.93415177
737,0.0021217492393972204,0.99938625,0.40302536317280363,0.9077381
738,0.0013518973080811406,0.999718,0.24192176120621817,0.9598214
739,0.0010432179684348511,0.99970144,0.3713585415056774,0.9203869
740,0.0007774576996250831,0.999718,0.2894707662718637,0.953125
741,0.0007506703412880693,0.9997678,0.39673509768077303,0.91629463
742,0.00032404528776111606,0.9999171,0.2847424192087991,0.95089287
743,0.0003897643483651327,0.99990046,0.38000194089753286,0.9114583
744,0.000551463424461535,0.9997678,0.23919056143079484,0.9646577
745,0.0008608579212932817,0.9997346,0.2989642769098282,0.9557292
746,0.0014851631729055762,0.99955213,0.3940496104104178,0.9140625
747,0.003554805344165404,0.99922043,0.311395811183112,0.9501488
748,0.0012719940713650391,0.99955213,0.31983737434659687,0.93563986
749,0.0010079740182212882,0.99970144,0.2525707611015865,0.96019346
750,0.0010962862343822685,0.9996517,0.277129060455731,0.94568455
751,0.0019859220649008115,0.99945265,0.3306092236723219,0.94568455
752,0.0031006383933003963,0.99927014,0.22001673600503377,0.9698661
753,0.0025467025110310244,0.99938625,0.3357732423714229,0.9386161
754,0.0014636412568573404,0.99958533,0.278788437800748,0.94308037
755,0.0008334314317097138,0.9997346,0.2641680772815432,0.9520089
756,0.0012626973432581135,0.9997346,0.221000537276268,0.96019346
757,0.0016512029939018743,0.9996351,0.3221114490713392,0.9308036
758,0.0012748224343451706,0.9996351,0.29093694261142183,0.94866073
759,0.0015076172999352164,0.9996185,0.2546391955443791,0.95386904
760,0.001362513111776843,0.99966824,0.25953564260687145,0.95907736
761,0.0015520649813160216,0.9996019,0.25821440134729656,0.9453125
762,0.0008120255548061406,0.999801,0.2039975853902953,0.9646577
763,0.0013807141790590145,0.9996849,0.26489352541310446,0.96168154
764,0.0011385052617342874,0.9997678,0.21890260066304887,0.96800596
765,0.001587916947995504,0.99955213,0.26820818867002216,0.95386904
766,0.0017277073135833626,0.99958533,0.2545203971011298,0.96428573
767,0.002211995886415261,0.9996185,0.24274179552282607,0.9572173
768,0.004816929776082073,0.99902135,0.29130260007722036,0.94866073
769,0.002483621425391072,0.99930334,0.264081854905401,0.9557292
770,0.002401157196095523,0.99927014,0.31872877052852083,0.921875
771,0.0026138918139496188,0.9992536,0.25068428048065733,0.96019346
772,0.002396447755536124,0.99938625,0.2394583054951259,0.9650298
773,0.0008160086936848987,0.999718,0.22437740223748343,0.96875
774,0.0015218973970316909,0.9996849,0.2426444504942213,0.9542411
775,0.0011450207428509568,0.9996517,0.4267234887395586,0.92633927
776,0.0016524859222847377,0.99955213,0.30380268820694517,0.92522323
777,0.0027756390768718625,0.99917066,0.22289591814790452,0.9635417
778,0.004107557797838372,0.99882233,0.4294251118387495,0.9129464
779,0.00151382300134773,0.99955213,0.24361013088907515,0.95126486
780,0.001217524786141035,0.99966824,0.2718341180256435,0.95870537
781,0.0011124593871662313,0.9996517,0.27238867964063374,0.9415923
782,0.000990367496870715,0.99978435,0.2763848602771759,0.95647323
783,0.0008707675491625719,0.9997346,0.2616147633109774,0.95535713
784,0.0005118273320991451,0.9998839,0.318841814994812,0.9311756
785,0.0008971782786968079,0.999801,0.27615908639771597,0.9482887
786,0.00624730872291717,0.998474,0.260678944843156,0.95386904
787,0.005874541865388811,0.9983081,0.27054503560066223,0.9572173
788,0.0016629490373415243,0.99953556,0.3417181500366756,0.9386161
789,0.0022416068597803057,0.9994029,0.2933152381862913,0.95275295
790,0.0016508198085651877,0.9996019,0.3666204128946577,0.9188988
791,0.0011466442565738158,0.9997512,0.3426773633275713,0.92931545
792,0.0011192384171563488,0.99981755,0.35852917603084017,0.9192708
793,0.0008437210701575925,0.999718,0.4382287391594478,0.8895089
794,0.00037323530622098566,0.99990046,0.3656597265175411,0.9259673
795,0.0007880838847715928,0.9998507,0.38267739755766733,0.91964287
796,0.00070359006775301,0.9997678,0.38315254875591825,0.9188988
797,0.0009628835175027208,0.99981755,0.31067837349006105,0.94605654
798,0.0007395375535270543,0.9998341,0.3368979777608599,0.9423363
799,0.0008949654205945531,0.999718,0.2548681242125375,0.9650298
800,0.0013564475916484897,0.99970144,0.38707256955759867,0.91443455
801,0.0007884878295301355,0.9997678,0.32680375235421316,0.9501488
802,0.001357415687089301,0.99958533,0.2964660780770438,0.9494048
803,0.001104483938791702,0.9997512,0.27223682403564453,0.9557292
804,0.0005977997400957788,0.99981755,0.27510454612118856,0.95238096
805,0.0011762094596873733,0.99978435,0.24751673213073186,0.9635417
806,0.00089627357833674,0.9997346,0.2740063433136259,0.9598214
807,0.0008518617386240312,0.999718,0.2751993409224919,0.95870537
808,0.0015613346657945262,0.9996351,0.5620344196047101,0.8712798
809,0.0028196402993167576,0.9993531,0.4201141595840454,0.9207589
810,0.0032568595029391248,0.99922043,0.4833542789731707,0.8790923
811,0.0026896074202000997,0.9993697,0.41380992106028963,0.89620537
812,0.0012195478164336204,0.99950236,0.380578202860696,0.90438986
813,0.0012717487850313234,0.99958533,0.4565837638718741,0.8645833
814,0.0008975099212470141,0.9997512,0.42886821712766376,0.8709077
815,0.002491809047011153,0.99922043,0.31035396243844715,0.93415177
816,0.001670932929070989,0.999519,0.30693425025258747,0.9203869
817,0.0011673865800202825,0.9996517,0.28800018557480406,0.9412202
818,0.0006873689130636611,0.9998507,0.23679677716323308,0.95758927
819,0.0007765189733427457,0.99978435,0.36597542677606854,0.9125744
820,0.0007437815363713761,0.9998341,0.30968861494745525,0.9427083
821,0.00041059084845886275,0.9998507,0.23503699047224863,0.9542411
822,0.0011400550831759265,0.9996849,0.3144579551049641,0.9482887
823,0.0012871620877662365,0.9996019,0.3402951444898333,0.94084823
824,0.0012253056577424249,0.99970144,0.35452213670526234,0.92894346
825,0.0019596905870350534,0.99945265,0.43714853269713266,0.90550596
826,0.0015890960423622757,0.99953556,0.39850478512900217,0.90959823
827,0.0011838961861588774,0.9996849,0.4563454134123666,0.8686756
828,0.0005996708896243421,0.9998341,0.41063413875443594,0.9114583
829,0.0015694183009707498,0.9996517,0.28793529527527945,0.96428573
830,0.001878892523680212,0.99945265,0.2926242543118341,0.9505208
831,0.0022268541448124362,0.999436,0.44024150712149485,0.88318455
832,0.003745114535325748,0.9991209,0.3904421499797276,0.89508927
833,0.0031841886105447303,0.9993199,0.47883738364492145,0.86941963
834,0.0016218319171224386,0.99958533,0.3740700270448412,0.91331846
835,0.001601592880353449,0.99955213,0.36348208359309603,0.91629463
836,0.00209239985208842,0.99950236,0.3991692747388567,0.9192708
837,0.0021178178059624766,0.99945265,0.5575952061585018,0.90401787
838,0.0022232999584270506,0.99950236,0.38128635713032316,0.9051339
839,0.0012485833634776637,0.9996517,0.6625316824231829,0.8385417
840,0.0009327245885042314,0.99966824,0.5869097411632538,0.859375
841,0.002773557978461467,0.99938625,0.4070409153188978,0.9032738
842,0.0014776072581308335,0.99958533,0.6289959635053363,0.8712798
843,0.001674065354744604,0.9996185,0.3520286743130003,0.9170387
844,0.0007486134364873708,0.999801,0.33986033712114605,0.9233631
845,0.00106639245833678,0.9997346,0.6588432788848877,0.8296131
846,0.0012595099764066634,0.99955213,0.25863916107586454,0.9572173
847,0.0009096042747486967,0.9997678,0.5011925569602421,0.86383927
848,0.0009428468684127858,0.999718,0.4174301709447588,0.90029764
849,0.001966082436081672,0.9996019,0.5096924645560128,0.9021577
850,0.0025986622890658,0.9993531,0.5985846732343946,0.8683036
851,0.002826443310613927,0.99941945,0.6730002675737653,0.81324404
852,0.001474075701372427,0.9997346,0.5067720370633262,0.8526786
853,0.0016074279777566441,0.999519,0.4773898252419063,0.8619792
854,0.0020110651489462623,0.999519,0.5948339104652405,0.84412205
855,0.0011400130686430292,0.9996849,0.46570275936807903,0.8526786
856,0.0014059518264877464,0.99956876,0.4826557423387255,0.89397323
857,0.001312422129777355,0.99966824,0.5944025771958488,0.8229167
858,0.0015305294694413112,0.9996185,0.5431149985109057,0.8504464
859,0.0028156217017873708,0.99927014,0.5050710652555738,0.84561014
860,0.0009965648991286673,0.999718,0.6293218391282218,0.79092264
861,0.000665326006430275,0.999801,0.6011652094977242,0.79910713
862,0.0006358271685873978,0.9997678,0.3261502470288958,0.9375
863,0.000634242352212404,0.99978435,0.4125830616269793,0.9129464
864,0.0017567971355733983,0.9994858,0.3776826432773045,0.91629463
865,0.003001680312056743,0.99938625,0.3295189312526158,0.93824404
866,0.00138956336896189,0.9996351,0.685774198600224,0.83668154
867,0.0011621668804773166,0.99978435,0.37111171441418783,0.92113096
868,0.0010196650909430355,0.9997512,0.39930809821401325,0.91331846
869,0.0009743295492824792,0.9997512,0.4693328397614615,0.89769346
870,0.0026278170299630452,0.9994858,0.7352773462023053,0.8046875
871,0.0014484031083263776,0.99958533,0.47417373742376057,0.87946427
872,0.0011064858446833074,0.9997346,0.4861244687012264,0.8608631
873,0.002031908870114597,0.99945265,0.8810522386005947,0.7853423
874,0.002530218490295022,0.99938625,0.647593080997467,0.8214286
875,0.0032744391759625185,0.9992868,0.5322456955909729,0.8370536
876,0.0017727781142141635,0.99955213,0.486854476588113,0.8660714
877,0.003334844296844653,0.99930334,0.7304691076278687,0.8165923
878,0.002581862741913898,0.9993531,0.896198400429317,0.7641369
879,0.0016451391052569875,0.9996849,1.1284003938947404,0.7239583
880,0.0010778475824635354,0.999718,0.987865286214011,0.69568455
881,0.0006227045392156242,0.9998341,0.8194421189171928,0.73772323
882,0.001559579854817709,0.999519,0.7087722335542951,0.8095238
883,0.0013932252519722693,0.99955213,0.6628260442188808,0.7916667
884,0.0014151613958240988,0.9996351,0.6300234794616699,0.8087798
885,0.0009419332095932546,0.999718,0.4025854021310806,0.92261904
886,0.0020341710607018194,0.9996185,0.7243184958185468,0.76227677
887,0.0015608538680179703,0.9996351,0.6253769057137626,0.8426339
888,0.0011532335701223224,0.99966824,0.46746391483715605,0.8787202
889,0.0011112211152494768,0.99978435,0.507806909935815,0.859375
890,0.0008417014969637558,0.9998341,0.38124294791902813,0.9032738
891,0.0007951502847372373,0.99981755,0.3836342138903482,0.8995536
892,0.00025088399246971863,0.99993366,0.4070912940161569,0.89620537
893,0.0004896015540234614,0.9998673,0.46166366764477323,0.89136904
894,0.00019264063355461795,0.9999668,0.5461530472551074,0.8623512
895,0.0003699359844749802,0.9999171,0.3500248236315591,0.9334077
896,0.0003693754687193643,0.9999171,0.3579432581152235,0.93712795
897,0.001548990062563036,0.9996517,0.6454325233186994,0.8816964
898,0.0034215681967937183,0.99930334,0.5689800339085715,0.80394346
899,0.0019380912535649885,0.99933654,0.6435154250689915,0.8005952
900,0.0016814188026348263,0.99958533,0.8758984804153442,0.79650295
901,0.0015846684534572152,0.99956876,0.6763581803866795,0.8125
902,0.0018729088638863075,0.99950236,1.0731810671942574,0.7853423
903,0.002329258826821852,0.99950236,0.695458003452846,0.8244048
904,0.0034427419402972537,0.9992868,0.6009002157620021,0.8485863
905,0.0021883076775317083,0.99938625,0.6774026921817234,0.82589287
906,0.002148223195198979,0.99955213,0.5892317295074463,0.84561014
907,0.0037311508929596853,0.9990711,0.71799350636346,0.8292411
908,0.001192305912675426,0.99955213,0.6093740207808358,0.8370536
909,0.0003988886226365802,0.9998673,0.545082552092416,0.8556548
910,0.0008079245114547061,0.99981755,0.485084946666445,0.88058037
911,0.0005656711189402314,0.9998341,0.528240327324186,0.84709823
912,0.0006387764174028046,0.9998673,0.6901063237871442,0.8087798
913,0.0010059179258275694,0.999718,0.539404707295554,0.8634673
914,0.0017102318746373265,0.99966824,1.1219852907317025,0.72619045
915,0.0017834113883409013,0.9996849,1.0793098381587438,0.7488839
916,0.0010212733354387636,0.9996019,0.7114899499075753,0.8270089
917,0.0012830231146792204,0.999718,0.7699220265660968,0.84821427
918,0.0019096565754262408,0.99956876,0.5127387004239219,0.87276787
919,0.0008140541806370489,0.9997346,0.6192854770592281,0.84188986
920,0.00040707701073561817,0.9998507,0.6341178076607841,0.8266369
921,0.0020344117572267785,0.9996517,0.7709798387118748,0.8322173
922,0.0023317678844365936,0.99945265,0.7254373942102704,0.76227677
923,0.0012559221293209587,0.99966824,0.7612923468862262,0.7693452
924,0.0014033550924606774,0.9996351,0.7421151655060905,0.7708333
925,0.003075651922870655,0.9993199,0.5310331242425101,0.86383927
926,0.0016225565533974204,0.99953556,0.8047979559217181,0.80282736
927,0.0016212647874710136,0.99945265,0.6542095967701503,0.8266369
928,0.0014080070294452943,0.99966824,1.047408172062465,0.7369792
929,0.0008831552492251794,0.9997346,0.6801066824368068,0.8478423
930,0.0007012299180673468,0.9997346,0.9222142015184674,0.77418154
931,0.0010867528304228102,0.9996849,0.7567371129989624,0.8035714
932,0.001556672232373657,0.9996019,1.014688457761492,0.7704613
933,0.00391046954256671,0.99890524,0.7079347116606576,0.77790177
934,0.002961891865824864,0.9992038,0.8032946246010917,0.77157736
935,0.00116213055450797,0.99966824,1.0547159484454565,0.71279764
936,0.0007671001951330287,0.99978435,1.3575903517859322,0.69717264
937,0.0007638772158593868,0.99978435,1.048980142389025,0.7109375
938,0.0005257631561768188,0.99978435,0.9674344744001117,0.71428573
939,0.0005129869066083564,0.9998507,1.1202348130089896,0.7046131
940,0.0008537420239794892,0.9997678,0.7204362664903913,0.79873514
941,0.0012126182286755403,0.9996351,1.2811033044542586,0.71428573
942,0.0010581616785123678,0.9997346,0.475782539163317,0.87537205
943,0.0005926904993285666,0.99990046,0.8767380373818534,0.83668154
944,0.0007734011227163266,0.99978435,0.7266969340188163,0.80245537
945,0.0015278773551293437,0.99966824,0.7993080871445792,0.8087798
946,0.007125001198511047,0.99840766,1.4208505834851946,0.72619045
947,0.004592186208192934,0.9988721,0.47337751729147776,0.91592264
948,0.0016566601090785408,0.9994692,0.6909207616533551,0.8671875
949,0.0006126341938231147,0.99981755,0.5391253062656948,0.8816964
950,0.0012002361016609999,0.99970144,0.5684548786708287,0.87537205
951,0.0007228256970704349,0.99978435,0.6933052114077977,0.87165177
952,0.0013090592330854362,0.9997512,0.4865909389087132,0.9155506
953,0.0006767666883369963,0.9997512,0.5129766591957637,0.9129464
954,0.000993458970647894,0.9998341,0.8644147174698966,0.77938986
955,0.001458483537174984,0.9996849,0.6894733905792236,0.8095238
956,0.001060201383660765,0.99978435,0.5307452763829913,0.90401787
957,0.0007327545356405259,0.999801,0.7030068976538522,0.82849705
958,0.0003099687135049492,0.99995023,0.6468565123421806,0.859375
959,0.00032291092447098174,0.9999171,0.7141985382352557,0.8329613
960,0.0002596036796644927,0.9999668,0.4946760960987636,0.88504463
961,0.0008885465073258522,0.9998839,0.6448625453880855,0.84151787
962,0.0014695487508004353,0.999718,0.5620404269014087,0.85491073
963,0.0012981463271955183,0.9996849,0.45251957859311787,0.91443455
964,0.0024549375426968813,0.99938625,0.7336756161281041,0.79092264
965,0.0017101920025066593,0.99955213,0.7305346386773246,0.78980654
966,0.0015254079746758271,0.99958533,0.5952543020248413,0.8389137
967,0.0019461365175170466,0.99955213,0.8817870531763349,0.75223213
968,0.0009128772755671613,0.999718,0.7493929181780133,0.796875
969,0.0009135055032230282,0.99981755,0.7764051982334682,0.79241073
970,0.000744596732235502,0.9997678,1.0380741357803345,0.7217262
971,0.0009461107427907977,0.9997678,0.6474569099290031,0.80431545
972,0.0016157264247869813,0.9996849,0.9046801413808551,0.7332589
973,0.0010356627186474602,0.9997678,0.748782183442797,0.82254463
974,0.0006728650297920784,0.9997678,0.5822605660983494,0.8173363
975,0.0005949869300298594,0.999801,1.1555130141122,0.71428573
976,0.0020853235784372803,0.99958533,0.48417697634015766,0.87165177
977,0.0021605065543283874,0.99955213,0.7206660679408482,0.81063986
978,0.0012415695002589125,0.9997512,0.7124437519482204,0.8270089
979,0.0008505414812815529,0.99978435,0.4389964001519339,0.88988096
980,0.0006015712317977872,0.9997346,0.7006964428084237,0.8348214
981,0.0007092670673156085,0.99981755,0.7015150189399719,0.8344494
982,0.0009900252094707399,0.99970144,0.5742694905826023,0.87723213
983,0.0012234231654009505,0.9996517,0.6053418006215777,0.85863096
984,0.0018202051118377004,0.9996351,0.4712809792586735,0.8999256
985,0.002360487369903738,0.9993697,0.9213590196200779,0.76488096
986,0.0012119749330572146,0.9997346,0.6937718902315412,0.81212795
987,0.0007290641798647329,0.9997512,0.7658061044556754,0.8139881
988,0.000724929017917234,0.9998341,0.9253526244844709,0.7462798
989,0.0010757543378606379,0.999718,1.2271688325064523,0.7098214
990,0.0008658525443256521,0.99978435,1.163057463509696,0.7782738
991,0.0008561930724581433,0.999801,0.5928738202367511,0.8604911
992,0.0014117978901898084,0.9996019,1.114620098045894,0.74293154
993,0.0014774544845840407,0.9996517,1.1797520773751395,0.72581846
994,0.0008688573025527447,0.99981755,1.1724747249058314,0.71949404
995,0.002202943781457549,0.9994858,1.1779360600880213,0.7005208
996,0.0037152137804047944,0.9992038,0.8825194239616394,0.7607887
997,0.0028091827112862017,0.99915403,1.0316577298300607,0.73102677
998,0.001215087449989779,0.99955213,1.1953383854457311,0.7540923
999,0.001774637303331727,0.99950236,1.1262795073645455,0.7890625
1000,0.001397342158265226,0.9996849,1.0043658443859644,0.76376486
1001,0.001134229795039076,0.9997346,1.1371724775859289,0.7265625
1002,0.0005711009385536077,0.9998839,1.064227785382952,0.7563244
1003,0.0006166388260588326,0.9998507,0.802960216999054,0.7864583
1004,0.0005379172041771676,0.9998507,0.8699242898396083,0.7782738
1005,0.0011709192366309296,0.9997678,1.208505392074585,0.72879463
1006,0.00036064565108344463,0.9998507,1.0542625018528529,0.7864583
1007,0.0008404123110327256,0.9998341,1.1878376007080078,0.73363096
1008,0.0007358796633169981,0.9998341,1.4015104600361414,0.71130955
1009,0.0027426370426013027,0.9994858,1.1966355017253332,0.74255955
1010,0.002752553702990088,0.9994858,1.140258686883109,0.7291667
1011,0.001535843362601766,0.9996351,1.1168290887560164,0.7332589
1012,0.0009565646986212297,0.9996351,0.9665766443525042,0.78162205
1013,0.001509072020002584,0.9997346,0.9436249392373222,0.7775298
1014,0.00134962937406418,0.9996185,0.6808443665504456,0.81063986
1015,0.001459011929915411,0.9996185,0.8013966168676104,0.7879464
1016,0.001669428792455248,0.99958533,1.1160566806793213,0.7005208
1017,0.0012797107502426639,0.99966824,0.6754389745848519,0.8035714
1018,0.0012123521088941273,0.999718,0.8438613244465419,0.7797619
1019,0.0014260930121707024,0.99955213,0.7833529029573713,0.77901787
1020,0.0010196547331496044,0.999718,1.0819531423704964,0.7540923
1021,0.001034684926357386,0.99970144,1.2057359388896398,0.7447917
1022,0.0007926863980129234,0.99981755,0.7996734721320016,0.8154762
1023,0.000878526532850077,0.9997512,0.643863844020026,0.8515625
1024,0.0015632248676006144,0.9996185,0.6631793209484645,0.7842262
1025,0.0017569434222363964,0.9994858,1.062322803906032,0.6837798
1026,0.001416820518010872,0.999519,1.1397328802517481,0.6808036
1027,0.0015816650780487663,0.9996019,1.0791292871747697,0.6767113
1028,0.0016510364678372989,0.99953556,0.842320944581713,0.7213542
1029,0.0007561784822053734,0.999801,0.6156092115810939,0.85342264
1030,0.0006350856903711692,0.9998341,0.6998246737888881,0.8526786
1031,0.0005869207182145187,0.99990046,0.4466808523450579,0.8790923
1032,0.000691656021694718,0.99981755,0.5303184815815517,0.86011904
1033,0.0020372630793568172,0.9996185,0.8529308012553624,0.8191964
1034,0.0015008120522902776,0.99958533,0.7423430255481175,0.77157736
1035,0.0010891715247503212,0.9996019,0.6759483601365771,0.7916667
1036,0.0009372510164696988,0.9996849,0.4952979641301291,0.8895089
1037,0.002951207358087108,0.9993531,0.9150536400931222,0.85863096
1038,0.001987358815133619,0.999436,1.0562996523720878,0.76004463
1039,0.0017017711817865762,0.99956876,0.9859205228941781,0.77380955
1040,0.001429614108204101,0.99955213,1.3147468566894531,0.71019346
1041,0.0015826606928508727,0.99956876,0.9678837656974792,0.72061014
1042,0.0010050948267145462,0.99970144,0.9453473942620414,0.7697173
1043,0.0007038081717960767,0.9997512,1.0196288994380407,0.74665177
1044,0.00046620455521475504,0.9998507,0.8209278072629657,0.80505955
1045,0.0008193804984277882,0.99981755,0.7898743493216378,0.7979911
1046,0.0007717885584228533,0.99990046,1.2385693107332503,0.76488096
1047,0.0009605979185598991,0.9997512,0.6855548960821969,0.8318452
1048,0.0006720559787133695,0.99978435,0.7370699729238238,0.79761904
1049,0.00231392475644267,0.999436,0.8872749209403992,0.7827381
1050,0.0013110815595988269,0.99955213,1.0449421576091222,0.7473958
1051,0.001159964643441381,0.99970144,1.2056211914334978,0.7328869
1052,0.0010863327390797537,0.999801,0.9252286383083889,0.73995537
1053,0.00041674003736480377,0.9999171,1.3839632613318307,0.7224702
1054,0.0011610023260108066,0.99966824,0.7783674342291695,0.78459823
1055,0.002436882566782316,0.99955213,0.9625772918973651,0.75967264
1056,0.002287370739141118,0.9994858,1.1829050523894173,0.80543154
1057,0.0023280511907065966,0.99938625,0.9144804392542157,0.77157736
1058,0.0019618136840614197,0.99953556,0.6806291256632123,0.8058036
1059,0.0017366722206147035,0.99958533,0.8601833411625454,0.80654764
1060,0.000820822457062543,0.9997512,0.8594898751803807,0.80394346
1061,0.0008209320989599895,0.9998341,1.0073907205036707,0.7719494
1062,0.0004530213354998424,0.9998673,0.8145542144775391,0.78125
1063,0.000646716564292547,0.9998507,0.7411584343229022,0.78720236
1064,0.000991966630848246,0.999801,0.7970514042036874,0.7890625
1065,0.0009917858197403793,0.999801,0.6423300419534955,0.80394346
1066,0.001652858953347196,0.99956876,0.8377338818141392,0.8244048
1067,0.001314994460509662,0.999718,0.8077181237084525,0.8255208
1068,0.0007003545030241425,0.999718,1.0761878320149012,0.7879464
1069,0.003680264718873554,0.99917066,0.8931954247610909,0.77269346
1070,0.0024514332422916974,0.9992868,1.0224159274782454,0.79129463
1071,0.0011007780699787385,0.99966824,1.101871303149632,0.79352677
1072,0.000789486386799443,0.99981755,1.0704342808042253,0.80394346
1073,0.000994609819446913,0.9997678,0.6565263952527728,0.8188244
1074,0.0005679502951239189,0.9998507,0.7354769791875567,0.79761904
1075,0.00043683791188553337,0.99981755,1.1238138249942236,0.79650295
1076,0.0017187897528465387,0.9996019,1.361681342124939,0.74181545
1077,0.002293938452356009,0.9994692,0.6494033975260598,0.83816963
1078,0.002445566762852792,0.9994858,1.157626952443804,0.75855654
1079,0.0007857699738704844,0.9997346,1.5519992453711373,0.7217262
1080,0.0012027079490181931,0.99981755,0.8898143172264099,0.7827381
1081,0.00043403514345174125,0.99990046,0.9280355402401516,0.80282736
1082,0.0001857780402700847,0.9999171,0.869796233517783,0.8173363
1083,8.726960329813849e-05,0.99998343,0.8478185704776219,0.81436014
1084,0.0005723857419009311,0.99993366,0.8414843167577472,0.81994045
1085,0.0008141871479378798,0.9997678,0.8843747973442078,0.77380955
1086,0.0014646072490972517,0.9996185,1.2314912932259696,0.7630208
1087,0.002566187684773007,0.99950236,0.5627978188650948,0.8396577
1088,0.006014214451556754,0.99902135,1.3907145261764526,0.7526042
1089,0.005231767992564777,0.9986067,1.079201408794948,0.75
1090,0.0038641136686658733,0.9990711,1.277997953551156,0.7172619
1091,0.001449800010623072,0.9996351,1.116285843508584,0.74293154
1092,0.0005488812776635439,0.9998673,1.1663075685501099,0.74962795
1093,0.0006928392409909097,0.999801,1.0589605314391,0.7957589
1094,0.0005971688643589952,0.9998341,1.017626166343689,0.79464287
1095,0.0005291197209168182,0.9998673,1.2182379620415824,0.7745536
1096,0.0008378362812106427,0.999801,1.2762823956353324,0.7369792
1097,0.0009215231036900379,0.9998341,1.3635811294828142,0.73251486
1098,0.00046032063880544405,0.9998341,0.5787205525806972,0.87165177
1099,0.0010169290899239276,0.99978435,0.7560237220355442,0.8467262
1100,0.0012216171591523943,0.9997678,0.9858789273670742,0.8686756
1101,0.0012667310651707409,0.9996849,0.8394705738340106,0.8604911
1102,0.0010826745411449453,0.9997512,0.9245538541248867,0.87537205
1103,0.0017557601243133954,0.9993531,0.9030310767037528,0.82738096
1104,0.0015616260211409427,0.9996185,0.5244522392749786,0.88467264
1105,0.0013764025718368158,0.99970144,0.7391050032206944,0.8244048
1106,0.0007811922468317814,0.99978435,0.6738449292523521,0.8578869
1107,0.000572190110576886,0.9998673,0.7921960609299796,0.83035713
1108,0.0003870477970350744,0.9999171,0.908282458782196,0.82105654
1109,0.00021444237435571355,0.99993366,1.110360520226615,0.79761904
1110,0.0004715969314773462,0.99993366,0.8947811297007969,0.8191964
1111,0.0009663300449852438,0.99990046,0.820740989276341,0.83407736
1112,0.0009264177771919191,0.99981755,0.963879372392382,0.86904764
1113,0.0008770888401962608,0.9997346,0.6985567808151245,0.85602677
1114,0.0016010005654852018,0.99970144,0.9972760847636631,0.77418154
1115,0.001517375353304747,0.99958533,0.9500320724078587,0.85230654
1116,0.001239629301977177,0.9996517,0.6903702531542096,0.8407738
1117,0.0011523314386662625,0.99966824,0.8517073052270072,0.84561014
1118,0.001117307591476368,0.9997346,0.9270789793559483,0.8630952
1119,0.0008020893812760527,0.9997512,0.8484693510191781,0.8671875
1120,0.00078200806110355,0.9997512,0.5953823668616158,0.86160713
1121,0.0014885811995006628,0.9996517,0.6613635718822479,0.8720238
1122,0.001752298241112941,0.999519,0.7569004552704948,0.7823661
1123,0.0012603948009534502,0.99966824,0.8461641839572361,0.7901786
1124,0.0017660301795255193,0.99953556,1.1342778887067522,0.7879464
1125,0.0018626932046057532,0.99958533,1.0037856101989746,0.8292411
1126,0.0028365745781901617,0.9992868,0.8719507711274284,0.8113839
1127,0.0022589032950639126,0.9994029,0.8887571522167751,0.80022323
1128,0.0013343069294450417,0.99956876,0.9277814711843219,0.82477677
1129,0.00103316171927697,0.9997346,0.8294512544359479,0.8188244
1130,0.0015644813391087061,0.99970144,0.5873434458460126,0.8348214
1131,0.0008593140720325069,0.99978435,0.9409670148577008,0.84449404
1132,0.0010565108162179824,0.9997346,0.6221676809447152,0.8270089
1133,0.0008229998571863846,0.9997512,0.716403203351157,0.8072917
1134,0.0010567296080786085,0.9998507,0.6420980010713849,0.8232887
1135,0.0004641678307532667,0.9998673,0.6988176533154079,0.8244048
1136,0.0006661381689964708,0.9998507,0.6992933409554618,0.8240327
1137,0.0004225780250431152,0.99990046,0.6385893140520368,0.83035713
1138,0.002104264902935625,0.99958533,0.8768173711640495,0.84337795
1139,0.0025211445065968538,0.99945265,0.6580846309661865,0.82886904
1140,0.0017487185053680497,0.999519,0.5309466975075858,0.8504464
1141,0.0017076263569735664,0.9996517,0.5855791057859149,0.84040177
1142,0.000655231672775247,0.99981755,0.5646184938294547,0.8318452
1143,0.0006982972232834698,0.99978435,0.6059553367750985,0.8370536
1144,0.0006777758994988662,0.9997678,0.7260543533733913,0.8307292
1145,0.0006601053115048318,0.9998341,0.6903869339397976,0.84040177
1146,0.0007926432799404931,0.99981755,0.7596385308674404,0.8232887
1147,0.0011979628624038804,0.9996185,0.8294458815029689,0.83779764
1148,0.0009965554225567013,0.9997512,0.44120278103010996,0.87537205
1149,0.0006359728157595691,0.99981755,0.6151610016822815,0.86160713
1150,0.0015994420746284943,0.9996185,0.5981250916208539,0.8954613
1151,0.0009164459020818912,0.9997678,0.5540952384471893,0.8790923
1152,0.0012799478684092547,0.99978435,0.3568613188607352,0.91964287
1153,0.002259742989649199,0.99956876,0.48130748101643156,0.88355654
1154,0.0016554304001683675,0.9996517,0.5213491363184792,0.8526786
1155,0.001317142809222879,0.9996185,0.5395181604794094,0.88727677
1156,0.0017011554874436445,0.9996351,0.4292255256857191,0.8943452
1157,0.0018299614473919396,0.9996351,0.39252289278166635,0.90178573
1158,0.0015685379654144615,0.9996185,0.6296100957053048,0.82366073
1159,0.0013204402524098632,0.99966824,0.46608634080205646,0.890625
1160,0.0006023795199491474,0.9998341,0.48932561704090666,0.86160713
1161,0.0008112194028687094,0.9997678,0.6551030193056379,0.83928573
1162,0.0007590640740521837,0.9997512,0.6137929558753967,0.84300596
1163,0.0013297724064602753,0.999718,0.3896755576133728,0.90811014
1164,0.0006983961461117312,0.9997346,0.5325356040682111,0.84561014
1165,0.0010181358018782594,0.99978435,0.7188220024108887,0.85193455
1166,0.0009557678848674777,0.9997346,0.4256048798561096,0.88876486
1167,0.0027073653943743563,0.9992536,1.3939643246786935,0.7384673
1168,0.003738566449658048,0.9990379,0.7260368381227765,0.8608631
1169,0.002064038782497459,0.999436,0.6289695373603276,0.8623512
1170,0.0008713764770070423,0.99970144,0.8444543736321586,0.8292411
1171,0.0009982447462308353,0.9997678,1.477196386882237,0.75706846
1172,0.0036713115272029545,0.9991043,0.7447241374424526,0.8203125
1173,0.003406806262781875,0.9992038,0.6534318923950195,0.84300596
1174,0.0021302928821043702,0.99956876,0.5891439148357936,0.8709077
1175,0.0008609524869145071,0.999801,0.4440193218844278,0.8995536
1176,0.0010201673583538145,0.9997678,0.5143242861543383,0.88206846
1177,0.0004456462655536557,0.99990046,0.5266902957643781,0.87686014
1178,0.00030858669278039524,0.99995023,0.5507696483816419,0.87165177
1179,0.0002688081961609227,0.9998839,0.526477860552924,0.8802083
1180,0.0003866008758793353,0.9999171,0.5845036932400295,0.8567708
1181,0.0005665832760393663,0.9998507,0.5608002671173641,0.8683036
1182,0.00043360065026146427,0.9998673,0.691834202834538,0.8545387
1183,0.00018217108801427305,0.9999668,0.5521943952356066,0.87053573
1184,0.0006524572727524277,0.9998341,0.41625083344323294,0.8947173
1185,0.0010374988138330367,0.999801,0.6829997045653207,0.85193455
1186,0.0005811132415340176,0.9998507,0.43931051237242563,0.87834823
1187,0.00018792993194015383,0.99995023,0.6495363116264343,0.85602677
1188,0.00037443414344878214,0.9998507,0.5739791563579014,0.85379463
1189,0.0005190700137334024,0.999801,0.4948831924370357,0.89657736
1190,0.0016283002103269443,0.99955213,0.4650337653500693,0.8828125
1191,0.001597358281186843,0.99958533,0.44952359795570374,0.88616073
1192,0.0017316075910934158,0.9996185,0.47768194334847586,0.8630952
1193,0.0009371447367856729,0.99978435,0.4696452532495771,0.8735119
1194,0.001398483558182958,0.99966824,0.7661729795592171,0.8031994
1195,0.0020433465262871923,0.9994692,0.7103349140712193,0.8232887
1196,0.001693446394961124,0.99955213,0.5897123473031181,0.8244048
1197,0.001166748558119096,0.99970144,0.7733651655060905,0.8489583
1198,0.0005282062742319106,0.99981755,0.7600954600742885,0.82775295
1199,0.0005424756455605758,0.99981755,0.5818007162639073,0.84337795
1200,0.00175964278058105,0.999519,0.5199759006500244,0.8578869
1201,0.0013010431458551613,0.9996351,0.6664032127176013,0.82254463
1202,0.0013575353409723547,0.9996351,0.4697563052177429,0.87165177
1203,0.001176562720687766,0.99978435,0.4210152285439627,0.8984375
1204,0.00048557702528112854,0.9998839,0.3984369294984,0.90401787
1205,0.0004533949716644461,0.9999171,0.4070394039154053,0.90811014
1206,0.0005882821180105391,0.9998673,0.43196551288877216,0.89620537
1207,0.0007616297047984213,0.99978435,0.5050898832934243,0.88318455
1208,0.000506821489506018,0.99981755,0.5187161011355264,0.85900295
1209,0.0007733253416427291,0.999801,0.42674887606075834,0.90029764
1210,0.0005771673414222126,0.9998839,0.5845835506916046,0.8485863
1211,0.0005677492085831899,0.9998673,0.7663947939872742,0.80245537
1212,0.0009831038978852789,0.9997512,0.7272228513445173,0.8489583
1213,0.0003548330705982674,0.9998839,0.5686333179473877,0.86383927
1214,0.0006515648309806337,0.99978435,0.5140899590083531,0.88355654
1215,0.0033092641113444767,0.99941945,0.7136955346379962,0.8578869
1216,0.0015765922163690786,0.99953556,0.4924225764615195,0.8895089
1217,0.0033759903588559403,0.99927014,0.4615333378314972,0.8936012
1218,0.002640003372528579,0.999237,0.5417582605566297,0.87537205
1219,0.0013540407234525148,0.99966824,0.4914362387997763,0.87574404
1220,0.001399306603568134,0.99958533,0.46293116893087116,0.90587795
1221,0.00230093405077204,0.9994858,0.4573501433644976,0.8723958
1222,0.0029671913958258054,0.99918723,0.6559813959257943,0.8266369
1223,0.0010050611830553415,0.9996517,0.6933116061346871,0.8229167
1224,0.001435452061939834,0.9996185,0.9288467679704938,0.8177083
1225,0.0029141321469402705,0.9993697,0.5479217597416469,0.84337795
1226,0.0012148667752960947,0.9996849,0.6028109533446175,0.8779762
1227,0.0008371334038426824,0.9998507,0.7186282277107239,0.88206846
1228,0.0006054458669884106,0.9998341,0.5878703849656242,0.86532736
1229,0.00056672012279387,0.9998507,0.5964959008353097,0.86383927
1230,0.0005540353071849252,0.999801,0.4675963265555246,0.8895089
1231,0.0006715740576946063,0.9998507,0.5073543276105609,0.89025295
1232,0.0007511187393800113,0.9998507,0.6914473857198443,0.80803573
1233,0.000570061538916851,0.9998507,0.6497573341642108,0.8567708
1234,0.0003989814206699178,0.9999171,0.7636339749608722,0.8292411
1235,0.0007083597462906134,0.999801,0.7653709905488151,0.8426339
1236,0.00037873966990521605,0.99993366,0.5652712796415601,0.8686756
1237,0.00023387009849822952,0.99995023,0.5113313112940107,0.89880955
1238,0.0002423280900375228,0.99995023,0.5080715758459908,0.89657736
1239,0.00030609867012728546,0.99995023,0.5229666743959699,0.88988096
1240,0.0007818151010040811,0.99981755,0.5027801139014108,0.8932292
1241,0.0005292866504799594,0.9998673,0.4579570634024484,0.91592264
1242,0.0012860523790389634,0.9997512,0.5430698309625898,0.8701637
1243,0.000792435429707785,0.99981755,0.5248694164412362,0.9051339
1244,0.000891810747252249,0.99990046,0.523334013564246,0.8857887
1245,0.0013320911733915037,0.999718,0.5635296957833427,0.86904764
1246,0.0018533672066048366,0.99953556,0.6843428015708923,0.8656994
1247,0.00219483954739223,0.9993531,0.5576085107667106,0.88355654
1248,0.0013532162306856086,0.9996849,0.6635070613452366,0.8530506
1249,0.0013071684747454377,0.99958533,0.7682929975645882,0.83035713
1250,0.0018842845835530537,0.9994858,0.8269954749516079,0.81845236
1251,0.0007130460753763455,0.9997512,0.6778613584382194,0.859375
1252,0.0009854132393874119,0.999801,0.81749199117933,0.8244048
1253,0.0007109323505555573,0.999801,0.5789928606578282,0.8843006
1254,0.0003265015271817373,0.9999171,0.608675982270922,0.8630952
1255,0.0009083818399402884,0.999801,0.5410868695804051,0.8761161
1256,0.0012731007271942802,0.999801,0.5441182340894427,0.8869048
1257,0.0011325921350271244,0.9997678,0.43130246656281607,0.92224705
1258,0.0008739421997662419,0.9997678,0.5623928606510162,0.86160713
1259,0.002077613414339949,0.99956876,0.4350092496190752,0.9036458
1260,0.0018049521185190317,0.99953556,0.37060168172631947,0.90959823
1261,0.0012059242036208942,0.99966824,0.43635365792683195,0.90029764
1262,0.000609696053254305,0.9998507,0.3865420477730887,0.9207589
1263,0.0003334985568873353,0.9999171,0.5155306501047952,0.8954613
1264,0.0004081891158837478,0.99990046,0.5734987684658596,0.85751486
1265,0.0006696503196057771,0.99990046,0.5589139631816319,0.8720238
1266,0.0005095598908584665,0.9998673,0.5771102436951229,0.85491073
1267,0.0014841134879627937,0.9996849,0.4383313272680555,0.8958333
1268,0.0010024850314650099,0.999801,0.33247152822358267,0.93415177
1269,0.0011136225154910766,0.9997678,0.38695415428706575,0.9270833
1270,0.0003486218274813755,0.99995023,0.37448545013155254,0.9296875
1271,0.0008250967994436391,0.99981755,0.47690617186682566,0.8891369
1272,0.0011624695137570267,0.9997512,0.6130398341587612,0.89806545
1273,0.0015649360358189913,0.99953556,0.4264171634401594,0.91480654
1274,0.0021486055238047414,0.9994692,0.4663446971348354,0.87834823
1275,0.0010799821928157898,0.9996351,0.42503646867615835,0.90587795
1276,0.0005236381618377138,0.9998341,0.4379508708204542,0.8936012
1277,0.000669566107490069,0.9998341,0.5429285977567945,0.8723958
1278,0.0007116185282440814,0.9997678,0.3896456169230597,0.9360119
1279,0.0017640486939858929,0.99966824,0.5571615014757428,0.82886904
1280,0.001192627947705995,0.999718,0.3989110589027405,0.9233631
1281,0.002268218777647896,0.9996185,0.4355489952223642,0.87462795
1282,0.0013416133686096638,0.9997512,0.36782106757164,0.9401042
1283,0.0012228655670098564,0.99978435,0.4204942796911512,0.89806545
1284,0.0008690159098554588,0.99981755,0.4167476126125881,0.90587795
1285,0.0015134039915500517,0.9997678,0.3330154227358954,0.9326637
1286,0.0009783970726949872,0.9997512,0.654521073613848,0.84337795
1287,0.000713111568741327,0.9998341,0.5800947632108416,0.8813244
1288,0.0001929793314730819,0.99995023,0.502729207277298,0.8880208
1289,0.00035590508943794815,0.9999171,0.6566642352512905,0.8474702
1290,0.0004906668722658613,0.9998507,0.5161306772913251,0.8843006
1291,0.0008751562716059819,0.99981755,0.39865397981234957,0.9192708
1292,0.000885738509192209,0.99978435,0.4802008441516331,0.8776042
1293,0.0026018404674043242,0.99941945,0.3853657160486494,0.9308036
1294,0.0010419186264732923,0.9997512,0.5963891105992454,0.8634673
1295,0.0016470560295801723,0.99956876,0.3846292964049748,0.9322917
1296,0.00390876482470204,0.9990048,0.4998534492083958,0.8712798
1297,0.004290012543450052,0.9990048,1.0143931422914778,0.81026787
1298,0.0018546801471048767,0.99938625,0.4271169602870941,0.9151786
1299,0.00037537269895396633,0.9998839,0.4202639716012137,0.9099702
1300,0.001702843095640266,0.99958533,0.40615181837763104,0.9140625
1301,0.0019381551189510155,0.99950236,0.49631077476910185,0.8660714
1302,0.0012337576415544047,0.9996351,0.45752951928547453,0.88467264
1303,0.0017226244984688086,0.99955213,0.5221705947603498,0.8943452
1304,0.0013600960970653515,0.99955213,0.4857352205685207,0.88318455
1305,0.0008834067696783804,0.9997512,0.39563100252832684,0.90699404
1306,0.0004791079561132772,0.9998507,0.324406379035541,0.92633927
1307,0.000418201940657097,0.9998839,0.38111954288823263,0.91964287
1308,0.0002217496254686691,0.99993366,0.3464887397629874,0.9285714
1309,0.00019264893325283362,0.99995023,0.3148247961487089,0.95275295
1310,0.0005175443041072994,0.9999171,0.3780007149491991,0.9181548
1311,0.0004638862022840441,0.9998673,0.2849413220371519,0.9557292
1312,0.00025764925657185,0.9999171,0.30315083265304565,0.95238096
1313,0.00018922854076882062,0.99990046,0.3767378628253937,0.9114583
1314,0.0010907309478166642,0.9997678,0.3421450470175062,0.93303573
1315,0.0015189616411084973,0.9996517,0.6064943500927517,0.86681545
1316,0.0025313125638729357,0.99930334,0.37254852056503296,0.9412202
1317,0.0017974156231806997,0.9996019,0.36255320055144175,0.9255952
1318,0.0004889238759554712,0.9998507,0.2894574212176459,0.9494048
1319,0.00033808343410084054,0.99990046,0.2899306501661028,0.9453125
1320,0.0008615527458769469,0.9997678,0.306583685534341,0.94866073
1321,0.0011796895332471778,0.9997512,0.30871922416346415,0.9479167
1322,0.0005927682337581209,0.99970144,0.28914478208337513,0.94494045
1323,0.0017823176020948287,0.9996185,0.38675661172185627,0.91964287
1324,0.0007813222384592514,0.99981755,0.27051850301878794,0.96056545
1325,0.0013998353494128158,0.9996849,0.28107709118298124,0.9568452
1326,0.0008637007674460053,0.999801,0.3135630914143154,0.9334077
1327,0.0009673032287063119,0.9997678,0.2889979141099112,0.94717264
1328,0.0006415401321784698,0.9998507,0.2835057760987963,0.9542411
1329,0.0002586152953611399,0.99990046,0.3714414622102465,0.92150295
1330,0.0010340414134642774,0.999718,0.3270593690020697,0.94717264
1331,0.0008988364310581698,0.99978435,0.39084330201148987,0.9155506
1332,0.002903153124261111,0.9992038,0.3427003153732845,0.95126486
1333,0.0032060256803934945,0.99913746,0.2840245876993452,0.9579613
1334,0.0007559706598750068,0.999801,0.26226156098502024,0.9542411
1335,0.0006498315844703523,0.99978435,0.2665250173636845,0.9676339
1336,0.00039530283081278136,0.999801,0.28482518025806974,0.9598214
1337,0.00047006554551822795,0.9998839,0.3047166849885668,0.95238096
1338,0.0007799172748992154,0.9998507,0.28798240423202515,0.95349705
1339,0.0010456684134556146,0.9997346,0.6599504351615906,0.8467262
1340,0.006780617315306827,0.9985569,0.3721789334501539,0.9092262
1341,0.0014387858522818082,0.9996185,0.35075421205588747,0.9177827
1342,0.001383385685442339,0.999718,0.5405936581747872,0.88355654
1343,0.0011626880133177161,0.9997346,0.30890896703515736,0.94977677
1344,0.0019163942178592034,0.9996019,0.3033751589911325,0.95349705
1345,0.0016436086783287562,0.9996019,0.3374506490571158,0.9375
1346,0.001384755776664238,0.999718,0.3267566646848406,0.94196427
1347,0.001578963497155975,0.99955213,0.41701834542410715,0.9326637
1348,0.000603866969436315,0.999801,0.3224611644233976,0.93712795
1349,0.0008809992397605877,0.9998341,0.3434641105788095,0.9311756
1350,0.0003084582224345076,0.99990046,0.3287648345742907,0.9441964
1351,0.000500137675873546,0.9998507,0.38817294580595835,0.9207589
1352,0.00043437723890396096,0.9998673,0.5128138703959328,0.8891369
1353,0.0004209150084235624,0.9998839,0.37376526849610464,0.91220236
1354,0.00083265558998294,0.9998507,0.4006124096257346,0.90811014
1355,0.0006996186480619621,0.99981755,0.3763859122991562,0.91629463
1356,0.0016782688108678999,0.99956876,0.340752226965768,0.93526787
1357,0.0008874365645836401,0.99978435,0.28667538506644114,0.95386904
1358,0.00046486281557503646,0.9998341,0.26872674375772476,0.9594494
1359,0.0005090238457774107,0.9998507,0.2942700151886259,0.95126486
1360,0.0005295344032380374,0.99990046,0.29244448244571686,0.9412202
1361,0.000391304690016435,0.9998673,0.31393445815358845,0.9345238
1362,0.0007491472147138718,0.99978435,0.43688803911209106,0.91220236
1363,0.001116947979364598,0.9997678,0.3051281379801886,0.9441964
1364,0.0014918584551883334,0.9996849,0.2898604827267783,0.95238096
1365,0.00103426705792448,0.999801,0.4417497600827898,0.89285713
1366,0.00043770921805695134,0.9998839,0.31540716545922415,0.94977677
1367,0.0014678053893908316,0.999801,0.28111962761197773,0.9505208
1368,0.0016484766264644184,0.99970144,0.3041187546082905,0.95498514
1369,0.0037255736161324864,0.9994692,0.34658155909606386,0.9464286
1370,0.0011321101832993733,0.9996849,0.2415522656270436,0.9650298
1371,0.0005400414233063185,0.99981755,0.3853856325149536,0.9438244
1372,0.0010632970342642912,0.999718,0.2897756355149405,0.95349705
1373,0.0009198970398637383,0.9996517,0.28458323648997713,0.9516369
1374,0.0006180549336287008,0.9998507,0.27708393548216137,0.95758927
1375,0.0012649994165193825,0.9997678,0.26101838265146526,0.9557292
1376,0.00025828909652219294,0.9999171,0.2911369779280254,0.9423363
1377,0.0008360924564523676,0.999718,0.32087212800979614,0.94568455
1378,0.000947428780352537,0.99981755,0.28248237712042673,0.9598214
1379,0.0009405291390432626,0.99978435,0.26794656472546713,0.96168154
1380,0.0009845241760549996,0.999801,0.2955332802874701,0.95647323
1381,0.00022458188661459284,0.9999668,0.2791887926203864,0.9572173
1382,0.00026582959875229664,0.99993366,0.2622651032039097,0.96130955
1383,0.00033737034564426086,0.9998839,0.31638253586632864,0.93787205
1384,0.00041294860413072635,0.9998507,0.3199391854660852,0.9468006
1385,9.571474722730774e-05,0.99998343,0.29081802921635763,0.9557292
1386,0.0010556885296375876,0.99970144,0.460603586265019,0.8891369
1387,0.0012774356269356405,0.9997346,0.34126492057527813,0.9151786
1388,0.0010311520993569506,0.9996517,0.3897660842963627,0.92522323
1389,0.0010203984243279908,0.99978435,0.31661827649388996,0.94196427
1390,0.000867758094816027,0.999718,0.27175408601760864,0.95349705
1391,0.0037627193011361775,0.99933654,0.2814188429287502,0.94866073
1392,0.0015747579602714754,0.99956876,0.24413628344024932,0.95126486
1393,0.0009847431105505574,0.999718,0.35735573300293516,0.91852677
1394,0.0009574406454466333,0.9997512,0.28743616172245573,0.94568455
1395,0.0007261452429556677,0.99981755,0.2797685606139047,0.9427083
1396,0.0013482821642460795,0.999718,0.2965953711952482,0.93526787
1397,0.0006269654451351617,0.99978435,0.2528378942183086,0.9624256
1398,0.0015132452914303734,0.9996019,0.2385451580796923,0.9609375
1399,0.0020010861682189522,0.99955213,0.2985314407518932,0.94717264
1400,0.0011231502140889233,0.9997678,0.2967914342880249,0.93787205
1401,0.0005928655655983417,0.9998341,0.27786074791635784,0.9501488
1402,0.000656770947934963,0.9998673,0.30666065428938183,0.9490327
1403,0.00034177846373354337,0.9999171,0.28658483922481537,0.9561012
1404,0.0014136741874408172,0.9997346,0.261794884290014,0.9609375
1405,0.002449344628462343,0.9996185,0.319116615823337,0.9311756
1406,0.0014460726371987077,0.99966824,0.32141133717128206,0.92745537
1407,0.0020373479325829866,0.9996351,0.2794155648776463,0.9441964
1408,0.0006720242361820148,0.9998673,0.43424378974097116,0.8932292
1409,0.000665930959130317,0.9998341,0.25316642011914936,0.9646577
1410,0.0016446307998817062,0.99958533,0.3281797915697098,0.93675596
1411,0.0018150313589323373,0.99958533,0.2982138395309448,0.9281994
1412,0.003039602498631185,0.9992536,0.26177919123853954,0.9505208
1413,0.012930443634343772,0.9971636,0.4681874769074576,0.8843006
1414,0.003738214624465476,0.998955,0.2938250345843179,0.9479167
1415,0.003830059058589423,0.999519,0.2834637761116028,0.9546131
1416,0.0010672329664472824,0.99970144,0.27025039068290163,0.95758927
1417,0.0007669648192229289,0.9998839,0.2588989521775927,0.95907736
1418,0.00017407552051266695,0.99995023,0.269798219203949,0.9546131
1419,0.00010273236316953437,0.9999668,0.2713088265487126,0.9516369
1420,0.0004940541160101748,0.99993366,0.2625204026699066,0.9609375
1421,0.000773545094056453,0.9998341,0.32064223289489746,0.93303573
1422,0.0007121871667479103,0.999801,0.29902154207229614,0.95535713
1423,0.0004932116267266661,0.9998839,0.26696498479161945,0.95386904
1424,0.00031165314502073165,0.9999171,0.2659354146037783,0.96130955
1425,0.0006243893965059828,0.9998673,0.30003787151404787,0.94345236
1426,0.0004961626284065288,0.9998673,0.3512327032429831,0.9267113
1427,0.000305639610905533,0.9999171,0.43609527179173063,0.8995536
1428,0.0004975518423458026,0.99993366,0.3635731637477875,0.9244792
1429,0.0002885516546625757,0.99990046,0.38323066915784565,0.90811014
1430,0.0004069321612757959,0.99981755,0.3396438551800592,0.93415177
1431,0.0005754731821010636,0.9998839,0.3440075218677521,0.9296875
1432,0.0008926654946249335,0.99978435,0.35203020913260324,0.93154764
1433,0.001103887282453105,0.9996849,0.5525526872703007,0.86123514
1434,0.0011569578342828391,0.9997346,0.6712281618799482,0.8322173
1435,0.0011278041933436512,0.99966824,0.5185967428343636,0.8999256
1436,0.0007089081689571084,0.999801,0.40803432038852144,0.90587795
1437,0.0007726486824380593,0.9997678,0.4982082120009831,0.875
1438,0.0010981655011978151,0.99978435,0.36366917192935944,0.9296875
1439,0.0009408520985277964,0.9997346,0.2796960749796459,0.95535713
1440,0.0008291132506251642,0.9997678,0.30590542405843735,0.9561012
1441,0.0009774985130552082,0.9996849,0.3378859119755881,0.93675596
1442,0.0016893036942555986,0.99945265,0.3276238207306181,0.9386161
1443,0.0008633110296384156,0.9997678,0.3426994042737143,0.93712795
1444,0.0006324362575565877,0.9997678,0.34551647092614857,0.9468006
1445,0.001054294635879634,0.99978435,0.39370515091078623,0.93191963
1446,0.001014504153615779,0.9997678,0.40977310708590914,0.9345238
1447,0.0004996290614229301,0.9998341,0.38522025304181234,0.93005955
1448,0.0003629797422701109,0.9999171,0.358948963029044,0.9285714
1449,0.00017940322631467839,0.99993366,0.321299033505576,0.9404762
1450,0.0006557806357405638,0.99978435,0.3638969659805298,0.9520089
1451,0.0010329956413710512,0.99970144,0.37809176104409353,0.9244792
1452,0.0008758361706384531,0.9998341,0.47185615982328144,0.8973214
1453,0.001141847901801967,0.9996849,0.35739183000155855,0.9285714
1454,0.000976065864007655,0.9997346,0.337803344641413,0.9326637
1455,0.0021548263019783615,0.9996185,0.35324992665222715,0.9479167
1456,0.0016797879263547326,0.9996019,0.3545514600617545,0.93712795
1457,0.005049386833160028,0.9990048,0.44230605023247854,0.90066963
1458,0.00465024658559296,0.99922043,0.3308257630893162,0.9572173
1459,0.0013884666688974802,0.99953556,0.3572262738432203,0.9501488
1460,0.0008070235924107915,0.9998341,0.4563411942550114,0.9267113
1461,0.0014042552475838877,0.9997678,0.5139199835913522,0.92522323
1462,0.0010461700694616139,0.999718,0.31901892381055014,0.95349705
1463,0.0006301233034588322,0.9998507,0.49496314781052725,0.9010417
1464,0.0007033292371853724,0.99981755,0.39714052421706064,0.93563986
1465,0.0006847850406591769,0.9998341,0.43145796230861116,0.93563986
1466,0.0006625971878013404,0.9998673,0.4786865328039442,0.91220236
1467,0.0008151524077939863,0.99981755,0.593585056918008,0.8630952
1468,0.0019267717274296216,0.9997512,0.45281779766082764,0.90290177
1469,0.0022285726454412203,0.9993697,0.3840941275869097,0.9181548
1470,0.0013932767804988057,0.99955213,0.35720551013946533,0.9441964
1471,0.0008935148419331333,0.9997512,0.4158303609916142,0.9021577
1472,0.0016075946668469257,0.9996185,0.43711577568735394,0.88839287
1473,0.001053038896199312,0.9997346,0.47726220743996756,0.8764881
1474,0.0006115645939507238,0.9998507,0.4563014933041164,0.88988096
1475,0.0009384030804340649,0.9997678,0.44684175295489176,0.89285713
1476,0.0007268570801942933,0.99981755,0.46132712279047283,0.89285713
1477,0.0010974356730833175,0.9997512,0.6279354095458984,0.84970236
1478,0.0007360202088045908,0.9998673,0.6561427456992013,0.83519346
1479,0.0009262069463710154,0.9998673,0.6007251952375684,0.85714287
1480,0.0009430521874751138,0.9996849,0.49683056133134024,0.88467264
1481,0.0010337897469755914,0.9998341,0.586609640291759,0.86681545
1482,0.0007103502140535177,0.9998673,0.4461929329804012,0.9032738
1483,0.00041534092985539054,0.99990046,0.5435095727443695,0.9021577
1484,0.0004819901225172077,0.99981755,0.3446833384888513,0.9490327
1485,0.0007337027530715965,0.999801,0.33577882392065866,0.94754463
1486,0.000560083696217778,0.9998507,0.4434266430991037,0.89136904
1487,0.0011099802005630956,0.9997678,0.4157291991370065,0.92522323
1488,0.001346791775931833,0.999801,0.42886980516569956,0.90401787
1489,0.0012788566660721402,0.999718,0.6651249698230198,0.82738096
1490,0.0007744041053719683,0.99978435,0.4516267776489258,0.9014137
1491,0.0012402159076972611,0.9997346,0.627458998135158,0.8500744
1492,0.0014445420632472747,0.9996185,0.4055559699024473,0.93787205
1493,0.0015788217608989534,0.9996019,0.35921635372298105,0.93787205
1494,0.0007856192567544637,0.9997678,0.33429199882916044,0.94345236
1495,0.000553640988123364,0.999801,0.5136706147875104,0.92522323
1496,0.0016040958583054617,0.9997512,0.34216142126492094,0.94605654
